tg,tf
CXCL2,BATF3
GLIPR1,BATF3
CASP4,BATF3
CASP1,BATF3
EMILIN2,BATF3
PPARG,BATF3
CD274,BATF3
IFI16,BATF3
GBP2,BATF3
GBP1,BATF3
GBP3,BATF3
CD74,BATF3
GCH1,BATF3
MAFB,BATF3
CXCL2,BATF3
GLIPR1,BATF3
CASP4,BATF3
CASP1,BATF3
EMILIN2,BATF3
PPARG,BATF3
CD274,BATF3
IFI16,BATF3
GBP2,BATF3
GBP1,BATF3
GBP3,BATF3
CD74,BATF3
GCH1,BATF3
MAFB,BATF3
IFITM3,NR4A2
IFITM1,NR4A2
TNC,NR4A2
AHR,NR4A2
ALCAM,NR4A2
NAMPT,NR4A2
C3AR1,NR4A2
JUNB,NR4A2
IER3,NR4A2
SEMA6B,NR4A2
MYLIP,NR4A2
TRIB2,NR4A2
GPM6A,NR4A2
RTN1,NR4A2
ADRB2,NR4A2
FOXO1,NR4A2
PMAIP1,NR4A2
HIVEP2,NR4A2
TIPARP,NR4A2
BDNF,NR4A2
GADD45G,NR4A2
MAFB,NR4A2
BCL3,NR4A2
BHLHE40,NR4A2
CPE,NR4A2
CSRNP1,NR4A2
PTPRU,NR4A2
BTG2,NR4A2
BTG1,NR4A2
TNFAIP3,NR4A2
CXCL2,NR4A2
NFKBIZ,NR4A2
PDE4B,NR4A2
KIF1A,NR4A2
DUSP4,NR4A2
DUSP5,NR4A2
DUSP2,NR4A2
TSC22D3,NR4A2
PLAUR,NR4A2
ELOVL6,NR4A2
DUSP6,NR4A2
DNAJC6,NR4A2
IRF1,NR4A2
PELI1,NR4A2
HBEGF,NR4A2
HLA-DQB1,NR4A2
CEBPD,NR4A2
RELB,NR4A2
GBP2,NR4A2
CD74,NR4A2
GCH1,NR4A2
LGI3,NR4A2
DHRS3,NR4A2
VEGFA,NR4A2
PPP2R2C,NR4A2
NFIA,NR4A2
CXCL8,NR4A2
IRS2,NR4A2
EDN1,NR4A2
DDR2,NR4A2
CEBPB,NR4A2
JAG1,NR4A2
KLF2,NR4A2
RGS2,NR4A2
ZFP36,NR4A2
PIM3,NR4A2
IER5,NR4A2
FRMD5,NR4A2
HECA,NR4A2
ATF3,NR4A2
TPPP,NR4A2
SLC38A2,NR4A2
MCL1,NR4A2
GADD45B,NR4A2
NFATC1,NR4A2
FOSL2,NR4A2
EIF1,NR4A2
NFKBIA,NR4A2
BCL6,NR4A2
SCML2,NR4A2
HMGCS1,NR4A2
DUSP1,NR4A2
NCOA3,NR4A2
PDE4D,NR4A2
LDLR,NR4A2
GDF15,NR4A2
IGIP,NR4A2
STK17B,NR4A2
KLF9,NR4A2
OTUD1,NR4A2
GEM,NR4A2
EREG,NR4A2
SMAD7,NR4A2
KLF5,NR4A2
TRIP12,NR4A2
IFITM3,NR4A2
IFITM1,NR4A2
TNC,NR4A2
AHR,NR4A2
ALCAM,NR4A2
NAMPT,NR4A2
C3AR1,NR4A2
JUNB,NR4A2
IER3,NR4A2
SEMA6B,NR4A2
MYLIP,NR4A2
TRIB2,NR4A2
GPM6A,NR4A2
RTN1,NR4A2
ADRB2,NR4A2
FOXO1,NR4A2
PMAIP1,NR4A2
HIVEP2,NR4A2
TIPARP,NR4A2
BDNF,NR4A2
GADD45G,NR4A2
MAFB,NR4A2
BCL3,NR4A2
BHLHE40,NR4A2
CPE,NR4A2
CSRNP1,NR4A2
PTPRU,NR4A2
BTG2,NR4A2
BTG1,NR4A2
TNFAIP3,NR4A2
CXCL2,NR4A2
NFKBIZ,NR4A2
PDE4B,NR4A2
KIF1A,NR4A2
DUSP4,NR4A2
DUSP5,NR4A2
DUSP2,NR4A2
TSC22D3,NR4A2
PLAUR,NR4A2
ELOVL6,NR4A2
DUSP6,NR4A2
DNAJC6,NR4A2
IRF1,NR4A2
PELI1,NR4A2
HBEGF,NR4A2
HLA-DQB1,NR4A2
CEBPD,NR4A2
RELB,NR4A2
GBP2,NR4A2
CD74,NR4A2
GCH1,NR4A2
LGI3,NR4A2
DHRS3,NR4A2
VEGFA,NR4A2
PPP2R2C,NR4A2
NFIA,NR4A2
CXCL8,NR4A2
IRS2,NR4A2
EDN1,NR4A2
DDR2,NR4A2
CEBPB,NR4A2
JAG1,NR4A2
KLF2,NR4A2
RGS2,NR4A2
ZFP36,NR4A2
PIM3,NR4A2
IER5,NR4A2
FRMD5,NR4A2
HECA,NR4A2
ATF3,NR4A2
TPPP,NR4A2
SLC38A2,NR4A2
MCL1,NR4A2
GADD45B,NR4A2
NFATC1,NR4A2
FOSL2,NR4A2
EIF1,NR4A2
NFKBIA,NR4A2
BCL6,NR4A2
SCML2,NR4A2
HMGCS1,NR4A2
DUSP1,NR4A2
NCOA3,NR4A2
PDE4D,NR4A2
LDLR,NR4A2
GDF15,NR4A2
IGIP,NR4A2
STK17B,NR4A2
KLF9,NR4A2
OTUD1,NR4A2
GEM,NR4A2
EREG,NR4A2
SMAD7,NR4A2
KLF5,NR4A2
TRIP12,NR4A2
IFITM3,IRF1
CCDC71L,IRF1
EHF,IRF1
IFITM1,IRF1
CSF1,IRF1
NCF2,IRF1
FAM89A,IRF1
TNC,IRF1
DDX60L,IRF1
DEPTOR,IRF1
NAMPT,IRF1
SCN9A,IRF1
TNFSF10,IRF1
C3AR1,IRF1
BBX,IRF1
JUNB,IRF1
HIST1H2AC,IRF1
HLA-J,IRF1
MYLIP,IRF1
F2R,IRF1
HLA-B,IRF1
HLA-C,IRF1
S100A6,IRF1
CARD16,IRF1
CD274,IRF1
HS3ST3A1,IRF1
IGSF3,IRF1
TMTC1,IRF1
DDX60,IRF1
FOXO1,IRF1
SOCS3,IRF1
ATXN1,IRF1
PMAIP1,IRF1
LONRF3,IRF1
TIPARP,IRF1
BDNF,IRF1
ANKEF1,IRF1
PARP14,IRF1
ACER2,IRF1
MAFB,IRF1
AMACR,IRF1
BAMBI,IRF1
BCL3,IRF1
BHLHE40,IRF1
CSRNP1,IRF1
BTG2,IRF1
BTG1,IRF1
SLC2A3,IRF1
RCSD1,IRF1
CXCL2,IRF1
IRF2BPL,IRF1
IFIH1,IRF1
CASP4,IRF1
NFKBIZ,IRF1
ITGAX,IRF1
CASP1,IRF1
PDE4B,IRF1
PDE4A,IRF1
DUSP4,IRF1
TSC22D3,IRF1
TESC,IRF1
PLAUR,IRF1
DUSP6,IRF1
RAP2C,IRF1
CDCP1,IRF1
MMP17,IRF1
PELI1,IRF1
VWA1,IRF1
NLRC5,IRF1
PPM1K,IRF1
RELB,IRF1
HIRA,IRF1
IFI16,IRF1
GBP2,IRF1
APOL1,IRF1
E2F5,IRF1
GBP1,IRF1
ZNF462,IRF1
GCH1,IRF1
SMOX,IRF1
SEMA4B,IRF1
MID1IP1,IRF1
TPD52L1,IRF1
DHRS3,IRF1
PSMB9,IRF1
VEGFA,IRF1
TMEM158,IRF1
TSPAN13,IRF1
NFIA,IRF1
RPL13AP5,IRF1
TMEM229B,IRF1
TMEM167A,IRF1
UCA1,IRF1
SLC1A2,IRF1
N4BP3,IRF1
SKIL,IRF1
JAG1,IRF1
GIPC3,IRF1
CYP1A1,IRF1
SNAP25,IRF1
CXCL8,IRF1
COX7C,IRF1
AASS,IRF1
EDN1,IRF1
SHROOM3,IRF1
SERPINB9,IRF1
SERPINB6,IRF1
SLCO4A1,IRF1
TLR5,IRF1
DDR2,IRF1
CEBPB,IRF1
NQO2,IRF1
KLF2,IRF1
HIST3H2A,IRF1
BACH1,IRF1
ELK4,IRF1
IER5,IRF1
ATF3,IRF1
VPS28,IRF1
NR1D1,IRF1
EIF1,IRF1
FOSL2,IRF1
AVL9,IRF1
CPEB3,IRF1
CDKN1B,IRF1
BBC3,IRF1
TRIM7,IRF1
JARID2,IRF1
DUSP1,IRF1
COQ10B,IRF1
SLC7A7,IRF1
MTF2,IRF1
GRAMD1A,IRF1
FGD6,IRF1
LDLR,IRF1
DEF6,IRF1
RAB43,IRF1
ZFP36,IRF1
PTAR1,IRF1
SESN2,IRF1
PIM3,IRF1
RAB2B,IRF1
TICAM1,IRF1
ABHD4,IRF1
RHOBTB3,IRF1
SLC38A2,IRF1
SOCS4,IRF1
MCL1,IRF1
ZBTB10,IRF1
NFKB2,IRF1
BCL6,IRF1
ONECUT3,IRF1
GLRX,IRF1
PARD6B,IRF1
TIFA,IRF1
DCAF11,IRF1
OXR1,IRF1
PDK1,IRF1
CCDC80,IRF1
GRB7,IRF1
TSHZ1,IRF1
GADD45B,IRF1
FAM78A,IRF1
CITED4,IRF1
SCML2,IRF1
NCOA3,IRF1
TLR1,IRF1
RAP2B,IRF1
DCP2,IRF1
ARVCF,IRF1
GDF15,IRF1
PDP2,IRF1
STK17B,IRF1
CCNG1,IRF1
OTUD4,IRF1
MIDN,IRF1
GIMAP2,IRF1
HELB,IRF1
RGS2,IRF1
H1FX-AS1,IRF1
PHOSPHO1,IRF1
ODF3B,IRF1
IDI1,IRF1
FUT1,IRF1
IRAK2,IRF1
KLHL28,IRF1
SSH2,IRF1
NR4A2,IRF1
NFKBIA,IRF1
KDM5B,IRF1
DDX59,IRF1
NRIP3,IRF1
MAPK6,IRF1
ZNF184,IRF1
WEE1,IRF1
IL15RA,IRF1
HES6,IRF1
ACSL4,IRF1
EREG,IRF1
DEPDC1B,IRF1
MTHFD2,IRF1
TRIB3,IRF1
PCDH18,IRF1
ZNF267,IRF1
XRCC4,IRF1
SIAH2,IRF1
BTG3,IRF1
SH3RF1,IRF1
LYPLA1,IRF1
MRPS26,IRF1
TLR6,IRF1
RNF138,IRF1
RASL11B,IRF1
UBE2D1,IRF1
FGF2,IRF1
PIM2,IRF1
PPTC7,IRF1
SDCBP,IRF1
SBNO2,IRF1
ZNF668,IRF1
H1FX,IRF1
GOT1,IRF1
CDK1,IRF1
NFKBIE,IRF1
RNF11,IRF1
TNPO1,IRF1
HIST1H1C,IRF1
TTC33,IRF1
NDUFB8,IRF1
IER5L,IRF1
ZNF628,IRF1
DNAJB4,IRF1
MACC1,IRF1
IFITM3,IRF1
CCDC71L,IRF1
EHF,IRF1
IFITM1,IRF1
CSF1,IRF1
NCF2,IRF1
FAM89A,IRF1
TNC,IRF1
DDX60L,IRF1
DEPTOR,IRF1
NAMPT,IRF1
SCN9A,IRF1
TNFSF10,IRF1
C3AR1,IRF1
BBX,IRF1
JUNB,IRF1
HIST1H2AC,IRF1
HLA-J,IRF1
MYLIP,IRF1
F2R,IRF1
HLA-B,IRF1
HLA-C,IRF1
S100A6,IRF1
CARD16,IRF1
CD274,IRF1
HS3ST3A1,IRF1
IGSF3,IRF1
TMTC1,IRF1
DDX60,IRF1
FOXO1,IRF1
SOCS3,IRF1
ATXN1,IRF1
PMAIP1,IRF1
LONRF3,IRF1
TIPARP,IRF1
BDNF,IRF1
ANKEF1,IRF1
PARP14,IRF1
ACER2,IRF1
MAFB,IRF1
AMACR,IRF1
BAMBI,IRF1
BCL3,IRF1
BHLHE40,IRF1
CSRNP1,IRF1
BTG2,IRF1
BTG1,IRF1
SLC2A3,IRF1
RCSD1,IRF1
CXCL2,IRF1
IRF2BPL,IRF1
IFIH1,IRF1
CASP4,IRF1
NFKBIZ,IRF1
ITGAX,IRF1
CASP1,IRF1
PDE4B,IRF1
PDE4A,IRF1
DUSP4,IRF1
TSC22D3,IRF1
TESC,IRF1
PLAUR,IRF1
DUSP6,IRF1
RAP2C,IRF1
CDCP1,IRF1
MMP17,IRF1
PELI1,IRF1
VWA1,IRF1
NLRC5,IRF1
PPM1K,IRF1
RELB,IRF1
HIRA,IRF1
IFI16,IRF1
GBP2,IRF1
APOL1,IRF1
E2F5,IRF1
GBP1,IRF1
ZNF462,IRF1
GCH1,IRF1
SMOX,IRF1
SEMA4B,IRF1
MID1IP1,IRF1
TPD52L1,IRF1
DHRS3,IRF1
PSMB9,IRF1
VEGFA,IRF1
TMEM158,IRF1
TSPAN13,IRF1
NFIA,IRF1
RPL13AP5,IRF1
TMEM229B,IRF1
TMEM167A,IRF1
UCA1,IRF1
SLC1A2,IRF1
N4BP3,IRF1
SKIL,IRF1
JAG1,IRF1
GIPC3,IRF1
CYP1A1,IRF1
SNAP25,IRF1
CXCL8,IRF1
COX7C,IRF1
AASS,IRF1
EDN1,IRF1
SHROOM3,IRF1
SERPINB9,IRF1
SERPINB6,IRF1
SLCO4A1,IRF1
TLR5,IRF1
DDR2,IRF1
CEBPB,IRF1
NQO2,IRF1
KLF2,IRF1
HIST3H2A,IRF1
BACH1,IRF1
ELK4,IRF1
IER5,IRF1
ATF3,IRF1
VPS28,IRF1
NR1D1,IRF1
EIF1,IRF1
FOSL2,IRF1
AVL9,IRF1
CPEB3,IRF1
CDKN1B,IRF1
BBC3,IRF1
TRIM7,IRF1
JARID2,IRF1
DUSP1,IRF1
COQ10B,IRF1
SLC7A7,IRF1
MTF2,IRF1
GRAMD1A,IRF1
FGD6,IRF1
LDLR,IRF1
DEF6,IRF1
RAB43,IRF1
ZFP36,IRF1
PTAR1,IRF1
SESN2,IRF1
PIM3,IRF1
RAB2B,IRF1
TICAM1,IRF1
ABHD4,IRF1
RHOBTB3,IRF1
SLC38A2,IRF1
SOCS4,IRF1
MCL1,IRF1
ZBTB10,IRF1
NFKB2,IRF1
BCL6,IRF1
ONECUT3,IRF1
GLRX,IRF1
PARD6B,IRF1
TIFA,IRF1
DCAF11,IRF1
OXR1,IRF1
PDK1,IRF1
CCDC80,IRF1
GRB7,IRF1
TSHZ1,IRF1
GADD45B,IRF1
FAM78A,IRF1
CITED4,IRF1
SCML2,IRF1
NCOA3,IRF1
TLR1,IRF1
RAP2B,IRF1
DCP2,IRF1
ARVCF,IRF1
GDF15,IRF1
PDP2,IRF1
STK17B,IRF1
CCNG1,IRF1
OTUD4,IRF1
MIDN,IRF1
GIMAP2,IRF1
HELB,IRF1
RGS2,IRF1
H1FX-AS1,IRF1
PHOSPHO1,IRF1
ODF3B,IRF1
IDI1,IRF1
FUT1,IRF1
IRAK2,IRF1
KLHL28,IRF1
SSH2,IRF1
NR4A2,IRF1
NFKBIA,IRF1
KDM5B,IRF1
DDX59,IRF1
NRIP3,IRF1
MAPK6,IRF1
ZNF184,IRF1
WEE1,IRF1
IL15RA,IRF1
HES6,IRF1
ACSL4,IRF1
EREG,IRF1
DEPDC1B,IRF1
MTHFD2,IRF1
TRIB3,IRF1
PCDH18,IRF1
ZNF267,IRF1
XRCC4,IRF1
SIAH2,IRF1
BTG3,IRF1
SH3RF1,IRF1
LYPLA1,IRF1
MRPS26,IRF1
TLR6,IRF1
RNF138,IRF1
RASL11B,IRF1
UBE2D1,IRF1
FGF2,IRF1
PIM2,IRF1
PPTC7,IRF1
SDCBP,IRF1
SBNO2,IRF1
ZNF668,IRF1
H1FX,IRF1
GOT1,IRF1
CDK1,IRF1
NFKBIE,IRF1
RNF11,IRF1
TNPO1,IRF1
HIST1H1C,IRF1
TTC33,IRF1
NDUFB8,IRF1
IER5L,IRF1
ZNF628,IRF1
DNAJB4,IRF1
MACC1,IRF1
CCDC71L,NFIL3
IFITM3,NFIL3
CSRNP1,NFIL3
BTG2,NFIL3
BTG1,NFIL3
NCF2,NFIL3
TNC,NFIL3
CBLB,NFIL3
SLC2A3,NFIL3
AHR,NFIL3
CXCL2,NFIL3
NAMPT,NFIL3
CASP4,NFIL3
NFKBIZ,NFIL3
PDE4B,NFIL3
ITGAX,NFIL3
IER3,NFIL3
DUSP4,NFIL3
TSC22D3,NFIL3
PLAUR,NFIL3
HLA-B,NFIL3
DUSP6,NFIL3
PTP4A1,NFIL3
IRF1,NFIL3
S100A6,NFIL3
PELI1,NFIL3
FOXO1,NFIL3
RELB,NFIL3
SOCS3,NFIL3
PMAIP1,NFIL3
GBP2,NFIL3
GCH1,NFIL3
TIPARP,NFIL3
LYZ,NFIL3
DHRS3,NFIL3
GADD45G,NFIL3
VEGFA,NFIL3
MAFB,NFIL3
BHLHE40,NFIL3
LRP10,NFIL3
CXCL8,NFIL3
IRS2,NFIL3
NAMPTP1,NFIL3
DDR2,NFIL3
CEBPB,NFIL3
KLF2,NFIL3
RCAN1,NFIL3
BACH1,NFIL3
ZFP36,NFIL3
HELB,NFIL3
RGS2,NFIL3
SESN2,NFIL3
PIM3,NFIL3
IER5,NFIL3
UBALD2,NFIL3
HECA,NFIL3
ATF3,NFIL3
SLC38A2,NFIL3
MCL1,NFIL3
GADD45B,NFIL3
SSH2,NFIL3
FOSL2,NFIL3
NR4A2,NFIL3
NFKBIA,NFIL3
BCL6,NFIL3
METRNL,NFIL3
HIST1H1C,NFIL3
IPMK,NFIL3
GEM,NFIL3
SAP30,NFIL3
MTHFD2,NFIL3
TRIB3,NFIL3
RABL6,NFIL3
SDCBP,NFIL3
SBNO2,NFIL3
PHC2,NFIL3
SMAD7,NFIL3
CCDC71L,NFIL3
IFITM3,NFIL3
CSRNP1,NFIL3
BTG2,NFIL3
BTG1,NFIL3
NCF2,NFIL3
TNC,NFIL3
CBLB,NFIL3
SLC2A3,NFIL3
AHR,NFIL3
CXCL2,NFIL3
NAMPT,NFIL3
CASP4,NFIL3
NFKBIZ,NFIL3
PDE4B,NFIL3
ITGAX,NFIL3
IER3,NFIL3
DUSP4,NFIL3
TSC22D3,NFIL3
PLAUR,NFIL3
HLA-B,NFIL3
DUSP6,NFIL3
PTP4A1,NFIL3
IRF1,NFIL3
S100A6,NFIL3
PELI1,NFIL3
FOXO1,NFIL3
RELB,NFIL3
SOCS3,NFIL3
PMAIP1,NFIL3
GBP2,NFIL3
GCH1,NFIL3
TIPARP,NFIL3
LYZ,NFIL3
DHRS3,NFIL3
GADD45G,NFIL3
VEGFA,NFIL3
MAFB,NFIL3
BHLHE40,NFIL3
LRP10,NFIL3
CXCL8,NFIL3
IRS2,NFIL3
NAMPTP1,NFIL3
DDR2,NFIL3
CEBPB,NFIL3
KLF2,NFIL3
RCAN1,NFIL3
BACH1,NFIL3
ZFP36,NFIL3
HELB,NFIL3
RGS2,NFIL3
SESN2,NFIL3
PIM3,NFIL3
IER5,NFIL3
UBALD2,NFIL3
HECA,NFIL3
ATF3,NFIL3
SLC38A2,NFIL3
MCL1,NFIL3
GADD45B,NFIL3
SSH2,NFIL3
FOSL2,NFIL3
NR4A2,NFIL3
NFKBIA,NFIL3
BCL6,NFIL3
METRNL,NFIL3
HIST1H1C,NFIL3
IPMK,NFIL3
GEM,NFIL3
SAP30,NFIL3
MTHFD2,NFIL3
TRIB3,NFIL3
RABL6,NFIL3
SDCBP,NFIL3
SBNO2,NFIL3
PHC2,NFIL3
SMAD7,NFIL3
IFITM3,NFKB2
IFITM1,NFKB2
CSF1,NFKB2
NCF2,NFKB2
TNC,NFKB2
AHR,NFKB2
NAMPT,NFKB2
TNFSF10,NFKB2
JUNB,NFKB2
IER3,NFKB2
HLA-B,NFKB2
S100A6,NFKB2
ALPK2,NFKB2
LINC01010,NFKB2
CD274,NFKB2
SOCS3,NFKB2
ZNF827,NFKB2
TSPAN5,NFKB2
PMAIP1,NFKB2
HIVEP2,NFKB2
TNFRSF9,NFKB2
PARP14,NFKB2
INHBE,NFKB2
BCL3,NFKB2
BHLHE40,NFKB2
TNFSF9,NFKB2
LRP10,NFKB2
CSRNP1,NFKB2
BTG2,NFKB2
BTG1,NFKB2
TNFAIP3,NFKB2
SLC2A3,NFKB2
BMI1,NFKB2
CXCL2,NFKB2
IRF2BPL,NFKB2
IFIH1,NFKB2
NFKBIZ,NFKB2
CASP4,NFKB2
PDE4B,NFKB2
PDE4A,NFKB2
EMILIN2,NFKB2
UPP1,NFKB2
DUSP4,NFKB2
DUSP5,NFKB2
DUSP2,NFKB2
ZHX2,NFKB2
SPHK1,NFKB2
PLAUR,NFKB2
PLA2G4A,NFKB2
DUSP6,NFKB2
DNAJC6,NFKB2
IRF1,NFKB2
HLA-DQB1,NFKB2
BIRC3,NFKB2
HBEGF,NFKB2
PTGER4,NFKB2
CEBPD,NFKB2
NLRC5,NFKB2
PPM1K,NFKB2
ABHD17C,NFKB2
ARNTL2,NFKB2
RELB,NFKB2
IFI16,NFKB2
GBP2,NFKB2
CD74,NFKB2
GCH1,NFKB2
PSMB9,NFKB2
VEGFA,NFKB2
TMEM156,NFKB2
NEURL3,NFKB2
IL18R1,NFKB2
CXCL8,NFKB2
IRS2,NFKB2
JADE2,NFKB2
EDN1,NFKB2
SERPINB9,NFKB2
DDR2,NFKB2
CEBPB,NFKB2
ST3GAL1,NFKB2
SKIL,NFKB2
KLF2,NFKB2
PRDM8,NFKB2
RAB43,NFKB2
HELB,NFKB2
ZFP36,NFKB2
RGS2,NFKB2
SESN2,NFKB2
PIM3,NFKB2
IER5,NFKB2
VASH2,NFKB2
UBALD2,NFKB2
TICAM1,NFKB2
ODF3B,NFKB2
ATF3,NFKB2
TSHZ1,NFKB2
IRAK2,NFKB2
MCL1,NFKB2
GADD45B,NFKB2
NR1D1,NFKB2
FOSL2,NFKB2
NFKBIA,NFKB2
BCL6,NFKB2
CDKN1B,NFKB2
RNF157,NFKB2
EMX1,NFKB2
TIFA,NFKB2
DCAF11,NFKB2
LDLR,NFKB2
CCL22,NFKB2
GDF15,NFKB2
METRNL,NFKB2
CAPN15,NFKB2
PIM2,NFKB2
IL15RA,NFKB2
PPTC7,NFKB2
GEM,NFKB2
TBL1XR1,NFKB2
MTHFD2,NFKB2
MAPKAPK2,NFKB2
SBNO2,NFKB2
ZNF267,NFKB2
SMAD7,NFKB2
NFKBIE,NFKB2
RGL1,NFKB2
ANKRD33B,NFKB2
SHB,NFKB2
TIGD3,NFKB2
BATF3,NFKB2
BCAT1,NFKB2
BIRC2,NFKB2
IFITM3,NFKB2
IFITM1,NFKB2
CSF1,NFKB2
NCF2,NFKB2
TNC,NFKB2
AHR,NFKB2
NAMPT,NFKB2
TNFSF10,NFKB2
JUNB,NFKB2
IER3,NFKB2
HLA-B,NFKB2
S100A6,NFKB2
ALPK2,NFKB2
LINC01010,NFKB2
CD274,NFKB2
SOCS3,NFKB2
ZNF827,NFKB2
TSPAN5,NFKB2
PMAIP1,NFKB2
HIVEP2,NFKB2
TNFRSF9,NFKB2
PARP14,NFKB2
INHBE,NFKB2
BCL3,NFKB2
BHLHE40,NFKB2
TNFSF9,NFKB2
LRP10,NFKB2
CSRNP1,NFKB2
BTG2,NFKB2
BTG1,NFKB2
TNFAIP3,NFKB2
SLC2A3,NFKB2
BMI1,NFKB2
CXCL2,NFKB2
IRF2BPL,NFKB2
IFIH1,NFKB2
NFKBIZ,NFKB2
CASP4,NFKB2
PDE4B,NFKB2
PDE4A,NFKB2
EMILIN2,NFKB2
UPP1,NFKB2
DUSP4,NFKB2
DUSP5,NFKB2
DUSP2,NFKB2
ZHX2,NFKB2
SPHK1,NFKB2
PLAUR,NFKB2
PLA2G4A,NFKB2
DUSP6,NFKB2
DNAJC6,NFKB2
IRF1,NFKB2
HLA-DQB1,NFKB2
BIRC3,NFKB2
HBEGF,NFKB2
PTGER4,NFKB2
CEBPD,NFKB2
NLRC5,NFKB2
PPM1K,NFKB2
ABHD17C,NFKB2
ARNTL2,NFKB2
RELB,NFKB2
IFI16,NFKB2
GBP2,NFKB2
CD74,NFKB2
GCH1,NFKB2
PSMB9,NFKB2
VEGFA,NFKB2
TMEM156,NFKB2
NEURL3,NFKB2
IL18R1,NFKB2
CXCL8,NFKB2
IRS2,NFKB2
JADE2,NFKB2
EDN1,NFKB2
SERPINB9,NFKB2
DDR2,NFKB2
CEBPB,NFKB2
ST3GAL1,NFKB2
SKIL,NFKB2
KLF2,NFKB2
PRDM8,NFKB2
RAB43,NFKB2
HELB,NFKB2
ZFP36,NFKB2
RGS2,NFKB2
SESN2,NFKB2
PIM3,NFKB2
IER5,NFKB2
VASH2,NFKB2
UBALD2,NFKB2
TICAM1,NFKB2
ODF3B,NFKB2
ATF3,NFKB2
TSHZ1,NFKB2
IRAK2,NFKB2
MCL1,NFKB2
GADD45B,NFKB2
NR1D1,NFKB2
FOSL2,NFKB2
NFKBIA,NFKB2
BCL6,NFKB2
CDKN1B,NFKB2
RNF157,NFKB2
EMX1,NFKB2
TIFA,NFKB2
DCAF11,NFKB2
LDLR,NFKB2
CCL22,NFKB2
GDF15,NFKB2
METRNL,NFKB2
CAPN15,NFKB2
PIM2,NFKB2
IL15RA,NFKB2
PPTC7,NFKB2
GEM,NFKB2
TBL1XR1,NFKB2
MTHFD2,NFKB2
MAPKAPK2,NFKB2
SBNO2,NFKB2
ZNF267,NFKB2
SMAD7,NFKB2
NFKBIE,NFKB2
RGL1,NFKB2
ANKRD33B,NFKB2
SHB,NFKB2
TIGD3,NFKB2
BATF3,NFKB2
BCAT1,NFKB2
BIRC2,NFKB2
EHF,ELF3
IFITM1,ELF3
NCF2,ELF3
RASEF,ELF3
TNC,ELF3
ALCAM,ELF3
TNFSF10,ELF3
JUNB,ELF3
F2R,ELF3
OVOL2,ELF3
S100A6,ELF3
TRIB2,ELF3
CDS1,ELF3
SEL1L3,ELF3
SOCS3,ELF3
ATXN1,ELF3
PMAIP1,ELF3
TNFSF18,ELF3
MAFB,ELF3
BCL3,ELF3
BHLHE40,ELF3
LRP10,ELF3
BTG2,ELF3
BTG1,ELF3
CXCL2,ELF3
IRF2BPL,ELF3
FAM102A,ELF3
NFKBIZ,ELF3
QSOX1,ELF3
DUSP4,ELF3
ZHX2,ELF3
TSC22D3,ELF3
PLAUR,ELF3
SHROOM3,ELF3
DUSP6,ELF3
CDCP1,ELF3
IRF1,ELF3
PPARG,ELF3
RBM47,ELF3
CEBPD,ELF3
ABHD17C,ELF3
GBP2,ELF3
SMOX,ELF3
SEMA4B,ELF3
PCDH7,ELF3
SAMD4A,ELF3
VEGFA,ELF3
TMEM156,ELF3
JADE2,ELF3
MTHFD2L,ELF3
JAG1,ELF3
CXCL8,ELF3
EDN1,ELF3
RIPK4,ELF3
SERPINB6,ELF3
DDR2,ELF3
NQO2,ELF3
BACH1,ELF3
RGS2,ELF3
IER5,ELF3
ATF3,ELF3
FOSL2,ELF3
NFKBIA,ELF3
BCL6,ELF3
CITED4,ELF3
SLC7A7,ELF3
KLF9,ELF3
TM4SF1,ELF3
EREG,ELF3
DEPDC1B,ELF3
TRIB3,ELF3
FUT4,ELF3
SBNO2,ELF3
DSTN,ELF3
SMAD7,ELF3
CPEB4,ELF3
SHB,ELF3
SH3RF1,ELF3
BCAT1,ELF3
MACC1,ELF3
KLF5,ELF3
EHF,ELF3
IFITM1,ELF3
NCF2,ELF3
RASEF,ELF3
TNC,ELF3
ALCAM,ELF3
TNFSF10,ELF3
JUNB,ELF3
F2R,ELF3
OVOL2,ELF3
S100A6,ELF3
TRIB2,ELF3
CDS1,ELF3
SEL1L3,ELF3
SOCS3,ELF3
ATXN1,ELF3
PMAIP1,ELF3
TNFSF18,ELF3
MAFB,ELF3
BCL3,ELF3
BHLHE40,ELF3
LRP10,ELF3
BTG2,ELF3
BTG1,ELF3
CXCL2,ELF3
IRF2BPL,ELF3
FAM102A,ELF3
NFKBIZ,ELF3
QSOX1,ELF3
DUSP4,ELF3
ZHX2,ELF3
TSC22D3,ELF3
PLAUR,ELF3
SHROOM3,ELF3
DUSP6,ELF3
CDCP1,ELF3
IRF1,ELF3
PPARG,ELF3
RBM47,ELF3
CEBPD,ELF3
ABHD17C,ELF3
GBP2,ELF3
SMOX,ELF3
SEMA4B,ELF3
PCDH7,ELF3
SAMD4A,ELF3
VEGFA,ELF3
TMEM156,ELF3
JADE2,ELF3
MTHFD2L,ELF3
JAG1,ELF3
CXCL8,ELF3
EDN1,ELF3
RIPK4,ELF3
SERPINB6,ELF3
DDR2,ELF3
NQO2,ELF3
BACH1,ELF3
RGS2,ELF3
IER5,ELF3
ATF3,ELF3
FOSL2,ELF3
NFKBIA,ELF3
BCL6,ELF3
CITED4,ELF3
SLC7A7,ELF3
KLF9,ELF3
TM4SF1,ELF3
EREG,ELF3
DEPDC1B,ELF3
TRIB3,ELF3
FUT4,ELF3
SBNO2,ELF3
DSTN,ELF3
SMAD7,ELF3
CPEB4,ELF3
SHB,ELF3
SH3RF1,ELF3
BCAT1,ELF3
MACC1,ELF3
KLF5,ELF3
CSF1,ATF3
PLOD2,ATF3
JUNB,ATF3
CARD16,ATF3
TRIB2,ATF3
CD274,ATF3
LONRF3,ATF3
SLC19A2,ATF3
TIPARP,ATF3
TNFRSF9,ATF3
INHBE,ATF3
GADD45G,ATF3
BHLHE40,ATF3
BTG2,ATF3
SLC2A3,ATF3
IRF2BPL,ATF3
FAM102A,ATF3
DUSP2,ATF3
SPHK1,ATF3
ELF3,ATF3
HKDC1,ATF3
NCOA7,ATF3
BIRC3,ATF3
PTGER4,ATF3
CAMK2D,ATF3
RBM47,ATF3
CEBPD,ATF3
GBP2,ATF3
GBP1,ATF3
TM4SF19,ATF3
PCDH7,ATF3
KLHL4,ATF3
DHRS3,ATF3
VEGFA,ATF3
F2RL2,ATF3
CREB3L3,ATF3
ST3GAL1,ATF3
CXCL8,ATF3
KIF1A,ATF3
DDR2,ATF3
KLF2,ATF3
BACH1,ATF3
HOXA1,ATF3
YOD1,ATF3
CCDC80,ATF3
ZC3H11A,ATF3
GRB7,ATF3
SEC14L1,ATF3
NR1D1,ATF3
EIF1,ATF3
CDKN1B,ATF3
STON2,ATF3
BBC3,ATF3
EPB41L4B,ATF3
TRIM7,ATF3
DUSP1,ATF3
ZNF460,ATF3
GDF15,ATF3
SNX16,ATF3
ZNF219,ATF3
MIDN,ATF3
ZFP36,ATF3
PIM3,ATF3
TICAM1,ATF3
ZNF678,ATF3
FUT1,ATF3
MCL1,ATF3
KLHL28,ATF3
NR4A2,ATF3
BCL6,ATF3
DCAF11,ATF3
FAM110A,ATF3
MTHFD2,ATF3
TRIB3,ATF3
EIF5A2,ATF3
WDR62,ATF3
OSGIN2,ATF3
RGL1,ATF3
TLR6,ATF3
STK17B,ATF3
PPTC7,ATF3
FBXO45,ATF3
SBNO2,ATF3
H1FX,ATF3
GOT1,ATF3
NFKBIE,ATF3
NRARP,ATF3
HIST1H1C,ATF3
CCNA2,ATF3
BIRC2,ATF3
ZNF628,ATF3
DNAJB4,ATF3
CSF1,ATF3
PLOD2,ATF3
JUNB,ATF3
CARD16,ATF3
TRIB2,ATF3
CD274,ATF3
LONRF3,ATF3
SLC19A2,ATF3
TIPARP,ATF3
TNFRSF9,ATF3
INHBE,ATF3
GADD45G,ATF3
BHLHE40,ATF3
BTG2,ATF3
SLC2A3,ATF3
IRF2BPL,ATF3
FAM102A,ATF3
DUSP2,ATF3
SPHK1,ATF3
ELF3,ATF3
HKDC1,ATF3
NCOA7,ATF3
BIRC3,ATF3
PTGER4,ATF3
CAMK2D,ATF3
RBM47,ATF3
CEBPD,ATF3
GBP2,ATF3
GBP1,ATF3
TM4SF19,ATF3
PCDH7,ATF3
KLHL4,ATF3
DHRS3,ATF3
VEGFA,ATF3
F2RL2,ATF3
CREB3L3,ATF3
ST3GAL1,ATF3
CXCL8,ATF3
KIF1A,ATF3
DDR2,ATF3
KLF2,ATF3
BACH1,ATF3
HOXA1,ATF3
YOD1,ATF3
CCDC80,ATF3
ZC3H11A,ATF3
GRB7,ATF3
SEC14L1,ATF3
NR1D1,ATF3
EIF1,ATF3
CDKN1B,ATF3
STON2,ATF3
BBC3,ATF3
EPB41L4B,ATF3
TRIM7,ATF3
DUSP1,ATF3
ZNF460,ATF3
GDF15,ATF3
SNX16,ATF3
ZNF219,ATF3
MIDN,ATF3
ZFP36,ATF3
PIM3,ATF3
TICAM1,ATF3
ZNF678,ATF3
FUT1,ATF3
MCL1,ATF3
KLHL28,ATF3
NR4A2,ATF3
BCL6,ATF3
DCAF11,ATF3
FAM110A,ATF3
MTHFD2,ATF3
TRIB3,ATF3
EIF5A2,ATF3
WDR62,ATF3
OSGIN2,ATF3
RGL1,ATF3
TLR6,ATF3
STK17B,ATF3
PPTC7,ATF3
FBXO45,ATF3
SBNO2,ATF3
H1FX,ATF3
GOT1,ATF3
NFKBIE,ATF3
NRARP,ATF3
HIST1H1C,ATF3
CCNA2,ATF3
BIRC2,ATF3
ZNF628,ATF3
DNAJB4,ATF3
SERPINE2,PRDM1
ETS2,PRDM1
LIPC,PRDM1
NIPAL1,PRDM1
SLC39A8,PRDM1
S100A2,PRDM1
IL1R1,PRDM1
TAP1,PRDM1
ADAM19,PRDM1
IL6ST,PRDM1
PHLDB2,PRDM1
SLC22A4,PRDM1
SDC4,PRDM1
SOCS1,PRDM1
RDH10,PRDM1
MAP7,PRDM1
NGFR,PRDM1
SLC37A1,PRDM1
FGFR1,PRDM1
CDKN1A,PRDM1
CTSC,PRDM1
NKX3-1,PRDM1
ACTBL2,PRDM1
ANGPTL4,PRDM1
MAPRE2,PRDM1
SLC7A2,PRDM1
PRRG4,PRDM1
NT5E,PRDM1
LRRC8C,PRDM1
LRRC8A,PRDM1
MPZL3,PRDM1
E2F7,PRDM1
SULF2,PRDM1
ALOX5AP,PRDM1
FAS,PRDM1
ATP13A3,PRDM1
ANTXR2,PRDM1
TOMM20,PRDM1
CLDN1,PRDM1
TGM2,PRDM1
MFSD2A,PRDM1
IL4R,PRDM1
EPHA2,PRDM1
HIF1A,PRDM1
MTDH,PRDM1
FZD1,PRDM1
TNFRSF10A,PRDM1
CA2,PRDM1
RASAL2-AS1,PRDM1
B4GALT5,PRDM1
SMAGP,PRDM1
AP1S2,PRDM1
PITX1,PRDM1
CDC25A,PRDM1
GPD2,PRDM1
LUCAT1,PRDM1
RPP25,PRDM1
CDCA2,PRDM1
RTN4,PRDM1
SLC9A3R1,PRDM1
NUAK2,PRDM1
PGK1,PRDM1
HMOX1,PRDM1
SDF2L1,PRDM1
VDR,PRDM1
HSPA6,PRDM1
ELL2,PRDM1
SLC2A1,PRDM1
SLC7A11,PRDM1
TUBA1C,PRDM1
ANXA1,PRDM1
SLC7A5,PRDM1
DTL,PRDM1
SLC3A2,PRDM1
ALOXE3,PRDM1
ADRM1,PRDM1
TMEM154,PRDM1
SERPINE2,PRDM1
ETS2,PRDM1
LIPC,PRDM1
NIPAL1,PRDM1
SLC39A8,PRDM1
S100A2,PRDM1
IL1R1,PRDM1
TAP1,PRDM1
ADAM19,PRDM1
IL6ST,PRDM1
PHLDB2,PRDM1
SLC22A4,PRDM1
SDC4,PRDM1
SOCS1,PRDM1
RDH10,PRDM1
MAP7,PRDM1
NGFR,PRDM1
SLC37A1,PRDM1
FGFR1,PRDM1
CDKN1A,PRDM1
CTSC,PRDM1
NKX3-1,PRDM1
ACTBL2,PRDM1
ANGPTL4,PRDM1
MAPRE2,PRDM1
SLC7A2,PRDM1
PRRG4,PRDM1
NT5E,PRDM1
LRRC8C,PRDM1
LRRC8A,PRDM1
MPZL3,PRDM1
E2F7,PRDM1
SULF2,PRDM1
ALOX5AP,PRDM1
FAS,PRDM1
ATP13A3,PRDM1
ANTXR2,PRDM1
TOMM20,PRDM1
CLDN1,PRDM1
TGM2,PRDM1
MFSD2A,PRDM1
IL4R,PRDM1
EPHA2,PRDM1
HIF1A,PRDM1
MTDH,PRDM1
FZD1,PRDM1
TNFRSF10A,PRDM1
CA2,PRDM1
RASAL2-AS1,PRDM1
B4GALT5,PRDM1
SMAGP,PRDM1
AP1S2,PRDM1
PITX1,PRDM1
CDC25A,PRDM1
GPD2,PRDM1
LUCAT1,PRDM1
RPP25,PRDM1
CDCA2,PRDM1
RTN4,PRDM1
SLC9A3R1,PRDM1
NUAK2,PRDM1
PGK1,PRDM1
HMOX1,PRDM1
SDF2L1,PRDM1
VDR,PRDM1
HSPA6,PRDM1
ELL2,PRDM1
SLC2A1,PRDM1
SLC7A11,PRDM1
TUBA1C,PRDM1
ANXA1,PRDM1
SLC7A5,PRDM1
DTL,PRDM1
SLC3A2,PRDM1
ALOXE3,PRDM1
ADRM1,PRDM1
TMEM154,PRDM1
IFITM3,FOSL2
CSF1,FOSL2
TNC,FOSL2
DDX60L,FOSL2
ALCAM,FOSL2
NAMPT,FOSL2
JUNB,FOSL2
IER3,FOSL2
MID2,FOSL2
S100A6,FOSL2
FOXO1,FOSL2
SOCS3,FOSL2
ATXN1,FOSL2
RNF217,FOSL2
SFN,FOSL2
TIPARP,FOSL2
MAFB,FOSL2
BCL3,FOSL2
BHLHE40,FOSL2
LRP10,FOSL2
CSRNP1,FOSL2
BTG2,FOSL2
BTG1,FOSL2
SLC2A3,FOSL2
CXCL2,FOSL2
IRF2BPL,FOSL2
FAM102A,FOSL2
NFKBIZ,FOSL2
PDE4B,FOSL2
ITGAX,FOSL2
KIF1A,FOSL2
UPP1,FOSL2
DUSP4,FOSL2
TSC22D3,FOSL2
PLAUR,FOSL2
DUSP6,FOSL2
PTP4A1,FOSL2
ELF3,FOSL2
IRF1,FOSL2
CEBPD,FOSL2
RELB,FOSL2
CNNM1,FOSL2
SMOX,FOSL2
LGI3,FOSL2
DHRS3,FOSL2
VEGFA,FOSL2
IRS2,FOSL2
JADE2,FOSL2
HINT3,FOSL2
EDN1,FOSL2
RIPK4,FOSL2
F2R,FOSL2
SERPINB6,FOSL2
LINC00525,FOSL2
NCOA7,FOSL2
TRIB2,FOSL2
DDR2,FOSL2
CEBPB,FOSL2
ST3GAL1,FOSL2
NQO2,FOSL2
JAG1,FOSL2
MYBPH,FOSL2
KLF2,FOSL2
BACH1,FOSL2
IER5,FOSL2
CCDC80,FOSL2
HECA,FOSL2
ATF3,FOSL2
GRB7,FOSL2
CYP27B1,FOSL2
GADD45B,FOSL2
NR1D1,FOSL2
BBC3,FOSL2
TRIM7,FOSL2
GDF15,FOSL2
IGIP,FOSL2
ZNF219,FOSL2
MIDN,FOSL2
ZFP36,FOSL2
RGS2,FOSL2
PIM3,FOSL2
UBALD2,FOSL2
TICAM1,FOSL2
ODF3B,FOSL2
ABHD4,FOSL2
SLC38A2,FOSL2
MCL1,FOSL2
NFKB2,FOSL2
NFKBIA,FOSL2
NR4A2,FOSL2
BCL6,FOSL2
KLF13,FOSL2
ETV4,FOSL2
PARD6B,FOSL2
MAPK6,FOSL2
TBX2,FOSL2
KLF9,FOSL2
MSMO1,FOSL2
METRNL,FOSL2
CAPN15,FOSL2
PPTC7,FOSL2
TM4SF1,FOSL2
GEM,FOSL2
MAPKAPK2,FOSL2
TRIB3,FOSL2
RABL6,FOSL2
SBNO2,FOSL2
DSTN,FOSL2
OSGIN2,FOSL2
SMAD7,FOSL2
RNF182,FOSL2
CPEB4,FOSL2
SH3RF1,FOSL2
ZNF367,FOSL2
HIST1H1C,FOSL2
SUN2,FOSL2
DDAH1,FOSL2
TLR6,FOSL2
IER5L,FOSL2
KLF5,FOSL2
IFITM3,FOSL2
CSF1,FOSL2
TNC,FOSL2
DDX60L,FOSL2
ALCAM,FOSL2
NAMPT,FOSL2
JUNB,FOSL2
IER3,FOSL2
MID2,FOSL2
S100A6,FOSL2
FOXO1,FOSL2
SOCS3,FOSL2
ATXN1,FOSL2
RNF217,FOSL2
SFN,FOSL2
TIPARP,FOSL2
MAFB,FOSL2
BCL3,FOSL2
BHLHE40,FOSL2
LRP10,FOSL2
CSRNP1,FOSL2
BTG2,FOSL2
BTG1,FOSL2
SLC2A3,FOSL2
CXCL2,FOSL2
IRF2BPL,FOSL2
FAM102A,FOSL2
NFKBIZ,FOSL2
PDE4B,FOSL2
ITGAX,FOSL2
KIF1A,FOSL2
UPP1,FOSL2
DUSP4,FOSL2
TSC22D3,FOSL2
PLAUR,FOSL2
DUSP6,FOSL2
PTP4A1,FOSL2
ELF3,FOSL2
IRF1,FOSL2
CEBPD,FOSL2
RELB,FOSL2
CNNM1,FOSL2
SMOX,FOSL2
LGI3,FOSL2
DHRS3,FOSL2
VEGFA,FOSL2
IRS2,FOSL2
JADE2,FOSL2
HINT3,FOSL2
EDN1,FOSL2
RIPK4,FOSL2
F2R,FOSL2
SERPINB6,FOSL2
LINC00525,FOSL2
NCOA7,FOSL2
TRIB2,FOSL2
DDR2,FOSL2
CEBPB,FOSL2
ST3GAL1,FOSL2
NQO2,FOSL2
JAG1,FOSL2
MYBPH,FOSL2
KLF2,FOSL2
BACH1,FOSL2
IER5,FOSL2
CCDC80,FOSL2
HECA,FOSL2
ATF3,FOSL2
GRB7,FOSL2
CYP27B1,FOSL2
GADD45B,FOSL2
NR1D1,FOSL2
BBC3,FOSL2
TRIM7,FOSL2
GDF15,FOSL2
IGIP,FOSL2
ZNF219,FOSL2
MIDN,FOSL2
ZFP36,FOSL2
RGS2,FOSL2
PIM3,FOSL2
UBALD2,FOSL2
TICAM1,FOSL2
ODF3B,FOSL2
ABHD4,FOSL2
SLC38A2,FOSL2
MCL1,FOSL2
NFKB2,FOSL2
NFKBIA,FOSL2
NR4A2,FOSL2
BCL6,FOSL2
KLF13,FOSL2
ETV4,FOSL2
PARD6B,FOSL2
MAPK6,FOSL2
TBX2,FOSL2
KLF9,FOSL2
MSMO1,FOSL2
METRNL,FOSL2
CAPN15,FOSL2
PPTC7,FOSL2
TM4SF1,FOSL2
GEM,FOSL2
MAPKAPK2,FOSL2
TRIB3,FOSL2
RABL6,FOSL2
SBNO2,FOSL2
DSTN,FOSL2
OSGIN2,FOSL2
SMAD7,FOSL2
RNF182,FOSL2
CPEB4,FOSL2
SH3RF1,FOSL2
ZNF367,FOSL2
HIST1H1C,FOSL2
SUN2,FOSL2
DDAH1,FOSL2
TLR6,FOSL2
IER5L,FOSL2
KLF5,FOSL2
BTG2,EHF
MAST4,EHF
TNC,EHF
TNFAIP3,EHF
PTPRK,EHF
CXCL2,EHF
ALCAM,EHF
LIPH,EHF
NFKBIZ,EHF
TNFSF10,EHF
TNS4,EHF
JUNB,EHF
IER3,EHF
DUSP4,EHF
DUSP5,EHF
PLAUR,EHF
SHROOM3,EHF
DUSP6,EHF
OVOL2,EHF
CDCP1,EHF
ELF3,EHF
S100A6,EHF
PPARG,EHF
DSC2,EHF
BIRC3,EHF
CDS1,EHF
RBM47,EHF
IGSF3,EHF
CEBPD,EHF
GPR87,EHF
ABHD17C,EHF
THSD4,EHF
ARNTL2,EHF
SFN,EHF
GBP2,EHF
CD74,EHF
SEMA4B,EHF
PCDH7,EHF
PDZK1IP1,EHF
CP,EHF
DHRS3,EHF
VEGFA,EHF
MAFB,EHF
TSPAN13,EHF
NFIA,EHF
BHLHE40,EHF
PLCH1,EHF
CXCL8,EHF
EDN1,EHF
RIPK4,EHF
DDR2,EHF
N4BP3,EHF
JAG1,EHF
NCEH1,EHF
EPB41L4B,EHF
RGS2,EHF
TRIM7,EHF
TP63,EHF
NCOA3,EHF
TC2N,EHF
ATF3,EHF
GRB7,EHF
ZSWIM4,EHF
GDF15,EHF
MPP7,EHF
FOSL2,EHF
NR4A2,EHF
BCL6,EHF
SCRIB,EHF
TM4SF1,EHF
EREG,EHF
RNF128,EHF
INO80C,EHF
MACC1,EHF
KLF5,EHF
BTG2,EHF
MAST4,EHF
TNC,EHF
TNFAIP3,EHF
PTPRK,EHF
CXCL2,EHF
ALCAM,EHF
LIPH,EHF
NFKBIZ,EHF
TNFSF10,EHF
TNS4,EHF
JUNB,EHF
IER3,EHF
DUSP4,EHF
DUSP5,EHF
PLAUR,EHF
SHROOM3,EHF
DUSP6,EHF
OVOL2,EHF
CDCP1,EHF
ELF3,EHF
S100A6,EHF
PPARG,EHF
DSC2,EHF
BIRC3,EHF
CDS1,EHF
RBM47,EHF
IGSF3,EHF
CEBPD,EHF
GPR87,EHF
ABHD17C,EHF
THSD4,EHF
ARNTL2,EHF
SFN,EHF
GBP2,EHF
CD74,EHF
SEMA4B,EHF
PCDH7,EHF
PDZK1IP1,EHF
CP,EHF
DHRS3,EHF
VEGFA,EHF
MAFB,EHF
TSPAN13,EHF
NFIA,EHF
BHLHE40,EHF
PLCH1,EHF
CXCL8,EHF
EDN1,EHF
RIPK4,EHF
DDR2,EHF
N4BP3,EHF
JAG1,EHF
NCEH1,EHF
EPB41L4B,EHF
RGS2,EHF
TRIM7,EHF
TP63,EHF
NCOA3,EHF
TC2N,EHF
ATF3,EHF
GRB7,EHF
ZSWIM4,EHF
GDF15,EHF
MPP7,EHF
FOSL2,EHF
NR4A2,EHF
BCL6,EHF
SCRIB,EHF
TM4SF1,EHF
EREG,EHF
RNF128,EHF
INO80C,EHF
MACC1,EHF
KLF5,EHF
IFITM3,ETV5
BTG2,ETV5
IFITM1,ETV5
TNC,ETV5
SIPA1L2,ETV5
RCSD1,ETV5
ALCAM,ETV5
KIF1A,ETV5
HMCN1,ETV5
JUNB,ETV5
IER3,ETV5
DUSP4,ETV5
TSC22D3,ETV5
PLAUR,ETV5
HLA-B,ETV5
ETV1,ETV5
ELOVL6,ETV5
DUSP6,ETV5
MTSS1,ETV5
IRF1,ETV5
CDH12,ETV5
S100A6,ETV5
BIRC7,ETV5
TRIB2,ETV5
LEF1,ETV5
SEL1L3,ETV5
SOCS3,ETV5
WDR17,ETV5
BCHE,ETV5
SNAP25-AS1,ETV5
DHRS3,ETV5
VEGFA,ETV5
TSPAN13,ETV5
MAFB,ETV5
NFIA,ETV5
VEPH1,ETV5
BHLHE40,ETV5
BCL2,ETV5
CPE,ETV5
CNIH3,ETV5
TMEM167A,ETV5
TBC1D30,ETV5
DDR2,ETV5
JAG1,ETV5
KLF2,ETV5
HJURP,ETV5
MSI1,ETV5
RGS2,ETV5
ZFP36,ETV5
IER5,ETV5
GAS2L3,ETV5
TC2N,ETV5
ATF3,ETV5
PHF21B,ETV5
GADD45B,ETV5
FAM78A,ETV5
DNAJC12,ETV5
FOSL2,ETV5
BCL6,ETV5
HMGCS1,ETV5
NCOA3,ETV5
DUSP8,ETV5
ETV4,ETV5
LDLR,ETV5
GDF15,ETV5
DEF6,ETV5
KLF9,ETV5
SPRED1,ETV5
HES6,ETV5
SUN2,ETV5
GEM,ETV5
DDAH1,ETV5
MTHFD2,ETV5
TRIB3,ETV5
BCAT1,ETV5
ECT2,ETV5
MYO10,ETV5
CDK1,ETV5
IFITM3,ETV5
BTG2,ETV5
IFITM1,ETV5
TNC,ETV5
SIPA1L2,ETV5
RCSD1,ETV5
ALCAM,ETV5
KIF1A,ETV5
HMCN1,ETV5
JUNB,ETV5
IER3,ETV5
DUSP4,ETV5
TSC22D3,ETV5
PLAUR,ETV5
HLA-B,ETV5
ETV1,ETV5
ELOVL6,ETV5
DUSP6,ETV5
MTSS1,ETV5
IRF1,ETV5
CDH12,ETV5
S100A6,ETV5
BIRC7,ETV5
TRIB2,ETV5
LEF1,ETV5
SEL1L3,ETV5
SOCS3,ETV5
WDR17,ETV5
BCHE,ETV5
SNAP25-AS1,ETV5
DHRS3,ETV5
VEGFA,ETV5
TSPAN13,ETV5
MAFB,ETV5
NFIA,ETV5
VEPH1,ETV5
BHLHE40,ETV5
BCL2,ETV5
CPE,ETV5
CNIH3,ETV5
TMEM167A,ETV5
TBC1D30,ETV5
DDR2,ETV5
JAG1,ETV5
KLF2,ETV5
HJURP,ETV5
MSI1,ETV5
RGS2,ETV5
ZFP36,ETV5
IER5,ETV5
GAS2L3,ETV5
TC2N,ETV5
ATF3,ETV5
PHF21B,ETV5
GADD45B,ETV5
FAM78A,ETV5
DNAJC12,ETV5
FOSL2,ETV5
BCL6,ETV5
HMGCS1,ETV5
NCOA3,ETV5
DUSP8,ETV5
ETV4,ETV5
LDLR,ETV5
GDF15,ETV5
DEF6,ETV5
KLF9,ETV5
SPRED1,ETV5
HES6,ETV5
SUN2,ETV5
GEM,ETV5
DDAH1,ETV5
MTHFD2,ETV5
TRIB3,ETV5
BCAT1,ETV5
ECT2,ETV5
MYO10,ETV5
CDK1,ETV5
EHF,TP63
CBLB,TP63
DDX60L,TP63
ALCAM,TP63
TNFSF10,TP63
TNS4,TP63
JUNB,TP63
IER3,TP63
SLC6A12,TP63
TMEM170B,TP63
TIAM1,TP63
ALPK2,TP63
ALDH7A1,TP63
SKAP2,TP63
CDS1,TP63
IGSF3,TP63
CFH,TP63
APCDD1,TP63
KLK8,TP63
C7,TP63
ZNF827,TP63
SFN,TP63
TNFSF18,TP63
TIPARP,TP63
ANKEF1,TP63
CP,TP63
ACER2,TP63
FAM160A1,TP63
TCN1,TP63
FAT2,TP63
TMCC2,TP63
BTG2,TP63
BTG1,TP63
PTPRK,TP63
RCSD1,TP63
ADAMTSL1,TP63
DNER,TP63
AASS,TP63
DUSP4,TP63
ZHX2,TP63
ELOVL6,TP63
PRSS12,TP63
DUSP6,TP63
MTSS1,TP63
CLDN11,TP63
CDCP1,TP63
PELI1,TP63
PPARG,TP63
NCOA7,TP63
RAPGEF5,TP63
KANK1,TP63
EGFLAM,TP63
ZNF462,TP63
WNT7B,TP63
VEGFA,TP63
COL3A1,TP63
TMEM158,TP63
NFIA,TP63
TRIML2,TP63
CSF1,TP63
RASEF,TP63
TNC,TP63
PLOD2,TP63
AHR,TP63
PRND,TP63
SEMA6B,TP63
TLE1,TP63
MSX2,TP63
MYH15,TP63
F2R,TP63
FRMD4B,TP63
GRIP2,TP63
EMCN,TP63
S100A6,TP63
SCG2,TP63
DSC2,TP63
ABCG1,TP63
ADRB2,TP63
FOXO1,TP63
SOCS3,TP63
ATXN1,TP63
PMAIP1,TP63
ARHGAP26,TP63
SDK1,TP63
GNAL,TP63
BCL3,TP63
BHLHE40,TP63
BCL2,TP63
MCTP1,TP63
MAST4,TP63
IRF2BPL,TP63
BOC,TP63
ETV1,TP63
SSTR5,TP63
ETV6,TP63
PTP4A1,TP63
ELF3,TP63
IRF1,TP63
MMRN2,TP63
PAPPA2,TP63
RBM47,TP63
CEBPD,TP63
LEF1,TP63
ABHD17C,TP63
THBS2,TP63
THSD4,TP63
ERBB4,TP63
LGI3,TP63
PCDH7,TP63
SEMA4B,TP63
PPP2R2C,TP63
TLL1,TP63
IRS2,TP63
JADE2,TP63
PLCXD2,TP63
JAG1,TP63
NCEH1,TP63
CXCL8,TP63
EDN1,TP63
DESI2,TP63
RIPK4,TP63
EN2,TP63
SLCO4A1,TP63
TLR5,TP63
DDR2,TP63
CEBPB,TP63
RASD2,TP63
PDLIM3,TP63
SUSD4,TP63
DHRS2,TP63
CEP170P1,TP63
SPON2,TP63
MIDN,TP63
RGS2,TP63
ZFP36,TP63
LINC00659,TP63
PIM3,TP63
ZNF165,TP63
VPS28,TP63
ATF3,TP63
GRB7,TP63
NPAS1,TP63
NKX6-1,TP63
SLC38A2,TP63
EXPH5,TP63
SMAD9,TP63
FOSL2,TP63
NR4A2,TP63
EFNA3,TP63
BCL6,TP63
ONECUT3,TP63
BBC3,TP63
ANKRD9,TP63
JARID2,TP63
DDX59,TP63
NCOA3,TP63
PDE4D,TP63
GAN,TP63
RAPGEF3,TP63
SATB2,TP63
HDAC9,TP63
LDLR,TP63
GDF15,TP63
TBX2,TP63
PANK3,TP63
GLDC,TP63
BACH1,TP63
FAM110A,TP63
ZXDB,TP63
IER5,TP63
ACSL4,TP63
EREG,TP63
CCDC80,TP63
RNF128,TP63
CPEB3,TP63
CPEB4,TP63
BTG3,TP63
ZCCHC10,TP63
CITED4,TP63
TCF20,TP63
SHB,TP63
CSRP2,TP63
ZNF367,TP63
INCENP,TP63
DCP2,TP63
MIB1,TP63
STK17B,TP63
ZNF697,TP63
RASL11B,TP63
TBL1XR1,TP63
MAPKAPK2,TP63
KLHL15,TP63
DR1,TP63
ZBTB10,TP63
FOXN2,TP63
SMAD7,TP63
CDK1,TP63
RNF182,TP63
ANKRD33B,TP63
NRARP,TP63
BCAT1,TP63
CCDC85C,TP63
MYO10,TP63
WEE1,TP63
KLF5,TP63
EHF,TP63
CBLB,TP63
DDX60L,TP63
ALCAM,TP63
TNFSF10,TP63
TNS4,TP63
JUNB,TP63
IER3,TP63
SLC6A12,TP63
TMEM170B,TP63
TIAM1,TP63
ALPK2,TP63
ALDH7A1,TP63
SKAP2,TP63
CDS1,TP63
IGSF3,TP63
CFH,TP63
APCDD1,TP63
KLK8,TP63
C7,TP63
ZNF827,TP63
SFN,TP63
TNFSF18,TP63
TIPARP,TP63
ANKEF1,TP63
CP,TP63
ACER2,TP63
FAM160A1,TP63
TCN1,TP63
FAT2,TP63
TMCC2,TP63
BTG2,TP63
BTG1,TP63
PTPRK,TP63
RCSD1,TP63
ADAMTSL1,TP63
DNER,TP63
AASS,TP63
DUSP4,TP63
ZHX2,TP63
ELOVL6,TP63
PRSS12,TP63
DUSP6,TP63
MTSS1,TP63
CLDN11,TP63
CDCP1,TP63
PELI1,TP63
PPARG,TP63
NCOA7,TP63
RAPGEF5,TP63
KANK1,TP63
EGFLAM,TP63
ZNF462,TP63
WNT7B,TP63
VEGFA,TP63
COL3A1,TP63
TMEM158,TP63
NFIA,TP63
TRIML2,TP63
CSF1,TP63
RASEF,TP63
TNC,TP63
PLOD2,TP63
AHR,TP63
PRND,TP63
SEMA6B,TP63
TLE1,TP63
MSX2,TP63
MYH15,TP63
F2R,TP63
FRMD4B,TP63
GRIP2,TP63
EMCN,TP63
S100A6,TP63
SCG2,TP63
DSC2,TP63
ABCG1,TP63
ADRB2,TP63
FOXO1,TP63
SOCS3,TP63
ATXN1,TP63
PMAIP1,TP63
ARHGAP26,TP63
SDK1,TP63
GNAL,TP63
BCL3,TP63
BHLHE40,TP63
BCL2,TP63
MCTP1,TP63
MAST4,TP63
IRF2BPL,TP63
BOC,TP63
ETV1,TP63
SSTR5,TP63
ETV6,TP63
PTP4A1,TP63
ELF3,TP63
IRF1,TP63
MMRN2,TP63
PAPPA2,TP63
RBM47,TP63
CEBPD,TP63
LEF1,TP63
ABHD17C,TP63
THBS2,TP63
THSD4,TP63
ERBB4,TP63
LGI3,TP63
PCDH7,TP63
SEMA4B,TP63
PPP2R2C,TP63
TLL1,TP63
IRS2,TP63
JADE2,TP63
PLCXD2,TP63
JAG1,TP63
NCEH1,TP63
CXCL8,TP63
EDN1,TP63
DESI2,TP63
RIPK4,TP63
EN2,TP63
SLCO4A1,TP63
TLR5,TP63
DDR2,TP63
CEBPB,TP63
RASD2,TP63
PDLIM3,TP63
SUSD4,TP63
DHRS2,TP63
CEP170P1,TP63
SPON2,TP63
MIDN,TP63
RGS2,TP63
ZFP36,TP63
LINC00659,TP63
PIM3,TP63
ZNF165,TP63
VPS28,TP63
ATF3,TP63
GRB7,TP63
NPAS1,TP63
NKX6-1,TP63
SLC38A2,TP63
EXPH5,TP63
SMAD9,TP63
FOSL2,TP63
NR4A2,TP63
EFNA3,TP63
BCL6,TP63
ONECUT3,TP63
BBC3,TP63
ANKRD9,TP63
JARID2,TP63
DDX59,TP63
NCOA3,TP63
PDE4D,TP63
GAN,TP63
RAPGEF3,TP63
SATB2,TP63
HDAC9,TP63
LDLR,TP63
GDF15,TP63
TBX2,TP63
PANK3,TP63
GLDC,TP63
BACH1,TP63
FAM110A,TP63
ZXDB,TP63
IER5,TP63
ACSL4,TP63
EREG,TP63
CCDC80,TP63
RNF128,TP63
CPEB3,TP63
CPEB4,TP63
BTG3,TP63
ZCCHC10,TP63
CITED4,TP63
TCF20,TP63
SHB,TP63
CSRP2,TP63
ZNF367,TP63
INCENP,TP63
DCP2,TP63
MIB1,TP63
STK17B,TP63
ZNF697,TP63
RASL11B,TP63
TBL1XR1,TP63
MAPKAPK2,TP63
KLHL15,TP63
DR1,TP63
ZBTB10,TP63
FOXN2,TP63
SMAD7,TP63
CDK1,TP63
RNF182,TP63
ANKRD33B,TP63
NRARP,TP63
BCAT1,TP63
CCDC85C,TP63
MYO10,TP63
WEE1,TP63
KLF5,TP63
IFITM3,JUNB
EHF,JUNB
IFITM1,JUNB
NAMPT,JUNB
HIST1H2AC,JUNB
MYLIP,JUNB
HLA-B,JUNB
HLA-C,JUNB
S100A6,JUNB
SOCS3,JUNB
RNF217,JUNB
PMAIP1,JUNB
TIPARP,JUNB
GADD45G,JUNB
MAFB,JUNB
BCL3,JUNB
BHLHE40,JUNB
TNFSF9,JUNB
CSRNP1,JUNB
BTG2,JUNB
BTG1,JUNB
TNFAIP3,JUNB
SLC2A3,JUNB
RCSD1,JUNB
CXCL2,JUNB
IRF2BPL,JUNB
ADAMTS4,JUNB
NFKBIZ,JUNB
PDE4B,JUNB
PDE4A,JUNB
UPP1,JUNB
SCARF2,JUNB
DUSP4,JUNB
DUSP5,JUNB
DUSP2,JUNB
TSC22D3,JUNB
PLAUR,JUNB
DUSP6,JUNB
IRF1,JUNB
PELI1,JUNB
NCOA7,JUNB
HBEGF,JUNB
BIRC3,JUNB
PTGER4,JUNB
CEBPD,JUNB
RELB,JUNB
GBP2,JUNB
CD74,JUNB
SEMA4B,JUNB
TTC39C,JUNB
DHRS3,JUNB
VEGFA,JUNB
TMEM156,JUNB
CXCL8,JUNB
IRS2,JUNB
EDN1,JUNB
SERPINB6,JUNB
DDR2,JUNB
CEBPB,JUNB
SKIL,JUNB
NQO2,JUNB
JAG1,JUNB
KLF2,JUNB
HIST3H2A,JUNB
ELK4,JUNB
IER5,JUNB
HECA,JUNB
ATF3,JUNB
GADD45B,JUNB
NR1D1,JUNB
FOSL2,JUNB
EIF1,JUNB
AVL9,JUNB
CDKN1B,JUNB
CITED4,JUNB
BBC3,JUNB
RNF157,JUNB
TRIM7,JUNB
JARID2,JUNB
MIDN,JUNB
ZFP36,JUNB
RGS2,JUNB
SESN2,JUNB
PIM3,JUNB
TICAM1,JUNB
RHOBTB3,JUNB
SLC38A2,JUNB
MCL1,JUNB
NFKB2,JUNB
NFKBIA,JUNB
NR4A2,JUNB
BCL6,JUNB
KLF13,JUNB
DUSP22,JUNB
KLF9,JUNB
METRNL,JUNB
GEM,JUNB
MAPKAPK2,JUNB
RABL6,JUNB
SBNO2,JUNB
H1FX,JUNB
SIAH2,JUNB
DSTN,JUNB
SMAD7,JUNB
NFKBIE,JUNB
BTG3,JUNB
SHB,JUNB
CSRP2,JUNB
BCL7B,JUNB
HIST1H1C,JUNB
SUN2,JUNB
BCAT1,JUNB
IER5L,JUNB
MACC1,JUNB
IFITM3,JUNB
EHF,JUNB
IFITM1,JUNB
NAMPT,JUNB
HIST1H2AC,JUNB
MYLIP,JUNB
HLA-B,JUNB
HLA-C,JUNB
S100A6,JUNB
SOCS3,JUNB
RNF217,JUNB
PMAIP1,JUNB
TIPARP,JUNB
GADD45G,JUNB
MAFB,JUNB
BCL3,JUNB
BHLHE40,JUNB
TNFSF9,JUNB
CSRNP1,JUNB
BTG2,JUNB
BTG1,JUNB
TNFAIP3,JUNB
SLC2A3,JUNB
RCSD1,JUNB
CXCL2,JUNB
IRF2BPL,JUNB
ADAMTS4,JUNB
NFKBIZ,JUNB
PDE4B,JUNB
PDE4A,JUNB
UPP1,JUNB
SCARF2,JUNB
DUSP4,JUNB
DUSP5,JUNB
DUSP2,JUNB
TSC22D3,JUNB
PLAUR,JUNB
DUSP6,JUNB
IRF1,JUNB
PELI1,JUNB
NCOA7,JUNB
HBEGF,JUNB
BIRC3,JUNB
PTGER4,JUNB
CEBPD,JUNB
RELB,JUNB
GBP2,JUNB
CD74,JUNB
SEMA4B,JUNB
TTC39C,JUNB
DHRS3,JUNB
VEGFA,JUNB
TMEM156,JUNB
CXCL8,JUNB
IRS2,JUNB
EDN1,JUNB
SERPINB6,JUNB
DDR2,JUNB
CEBPB,JUNB
SKIL,JUNB
NQO2,JUNB
JAG1,JUNB
KLF2,JUNB
HIST3H2A,JUNB
ELK4,JUNB
IER5,JUNB
HECA,JUNB
ATF3,JUNB
GADD45B,JUNB
NR1D1,JUNB
FOSL2,JUNB
EIF1,JUNB
AVL9,JUNB
CDKN1B,JUNB
CITED4,JUNB
BBC3,JUNB
RNF157,JUNB
TRIM7,JUNB
JARID2,JUNB
MIDN,JUNB
ZFP36,JUNB
RGS2,JUNB
SESN2,JUNB
PIM3,JUNB
TICAM1,JUNB
RHOBTB3,JUNB
SLC38A2,JUNB
MCL1,JUNB
NFKB2,JUNB
NFKBIA,JUNB
NR4A2,JUNB
BCL6,JUNB
KLF13,JUNB
DUSP22,JUNB
KLF9,JUNB
METRNL,JUNB
GEM,JUNB
MAPKAPK2,JUNB
RABL6,JUNB
SBNO2,JUNB
H1FX,JUNB
SIAH2,JUNB
DSTN,JUNB
SMAD7,JUNB
NFKBIE,JUNB
BTG3,JUNB
SHB,JUNB
CSRP2,JUNB
BCL7B,JUNB
HIST1H1C,JUNB
SUN2,JUNB
BCAT1,JUNB
IER5L,JUNB
MACC1,JUNB
IFITM3,AHR
IFITM1,AHR
EHF,AHR
CSF1,AHR
TNC,AHR
DDX60L,AHR
ALCAM,AHR
DEPTOR,AHR
TNFSF10,AHR
HMCN1,AHR
JUNB,AHR
IER3,AHR
MSX2,AHR
F2R,AHR
UHMK1,AHR
S100A6,AHR
CFH,AHR
IGSF3,AHR
SLC1A2,AHR
SOCS3,AHR
PMAIP1,AHR
TIPARP,AHR
LYZ,AHR
PARP14,AHR
MAFB,AHR
BCL3,AHR
BHLHE40,AHR
CYP1A1,AHR
BCL2,AHR
FAT2,AHR
CCNJL,AHR
CSRNP1,AHR
BTG2,AHR
BTG1,AHR
SLC2A3,AHR
SIPA1L2,AHR
IRF2BPL,AHR
FAM102A,AHR
NFKBIZ,AHR
EMILIN2,AHR
DUSP4,AHR
ZHX2,AHR
TSC22D3,AHR
PLAUR,AHR
DUSP6,AHR
RAP2C,AHR
ELF3,AHR
IRF1,AHR
CDH12,AHR
BIRC7,AHR
KANK1,AHR
ABHD17C,AHR
DLL1,AHR
APOL6,AHR
IFI16,AHR
GBP2,AHR
MID1IP1,AHR
DHRS3,AHR
VEGFA,AHR
PDP1,AHR
COL3A1,AHR
TSPAN13,AHR
TMEM229B,AHR
JAG1,AHR
EDN1,AHR
RIPK4,AHR
SLCO4A1,AHR
DDR2,AHR
FSTL1,AHR
DHRS2,AHR
KLF2,AHR
BACH1,AHR
ELK4,AHR
LURAP1L,AHR
DICER1,AHR
HECA,AHR
ATF3,AHR
GADD45B,AHR
FOSL2,AHR
TRIM7,AHR
JARID2,AHR
DUSP1,AHR
NCOA3,AHR
RAPGEF3,AHR
WDR26,AHR
GDF15,AHR
PTAR1,AHR
RGS2,AHR
ZFP36,AHR
RAB2B,AHR
GAS2L3,AHR
PHOSPHO1,AHR
FRMD5,AHR
ABHD4,AHR
ARHGAP19,AHR
SLC38A2,AHR
MCL1,AHR
JMY,AHR
RNF182,AHR
DYRK2,AHR
KLF13,AHR
KDM7A,AHR
ADD3,AHR
PARD6B,AHR
TBX2,AHR
PIKFYVE,AHR
KLF9,AHR
PPTC7,AHR
TM4SF1,AHR
GEM,AHR
MAPKAPK2,AHR
RABL6,AHR
DSTN,AHR
CPEB4,AHR
CCDC85C,AHR
KLF5,AHR
TRIP12,AHR
IFITM3,AHR
IFITM1,AHR
EHF,AHR
CSF1,AHR
TNC,AHR
DDX60L,AHR
ALCAM,AHR
DEPTOR,AHR
TNFSF10,AHR
HMCN1,AHR
JUNB,AHR
IER3,AHR
MSX2,AHR
F2R,AHR
UHMK1,AHR
S100A6,AHR
CFH,AHR
IGSF3,AHR
SLC1A2,AHR
SOCS3,AHR
PMAIP1,AHR
TIPARP,AHR
LYZ,AHR
PARP14,AHR
MAFB,AHR
BCL3,AHR
BHLHE40,AHR
CYP1A1,AHR
BCL2,AHR
FAT2,AHR
CCNJL,AHR
CSRNP1,AHR
BTG2,AHR
BTG1,AHR
SLC2A3,AHR
SIPA1L2,AHR
IRF2BPL,AHR
FAM102A,AHR
NFKBIZ,AHR
EMILIN2,AHR
DUSP4,AHR
ZHX2,AHR
TSC22D3,AHR
PLAUR,AHR
DUSP6,AHR
RAP2C,AHR
ELF3,AHR
IRF1,AHR
CDH12,AHR
BIRC7,AHR
KANK1,AHR
ABHD17C,AHR
DLL1,AHR
APOL6,AHR
IFI16,AHR
GBP2,AHR
MID1IP1,AHR
DHRS3,AHR
VEGFA,AHR
PDP1,AHR
COL3A1,AHR
TSPAN13,AHR
TMEM229B,AHR
JAG1,AHR
EDN1,AHR
RIPK4,AHR
SLCO4A1,AHR
DDR2,AHR
FSTL1,AHR
DHRS2,AHR
KLF2,AHR
BACH1,AHR
ELK4,AHR
LURAP1L,AHR
DICER1,AHR
HECA,AHR
ATF3,AHR
GADD45B,AHR
FOSL2,AHR
TRIM7,AHR
JARID2,AHR
DUSP1,AHR
NCOA3,AHR
RAPGEF3,AHR
WDR26,AHR
GDF15,AHR
PTAR1,AHR
RGS2,AHR
ZFP36,AHR
RAB2B,AHR
GAS2L3,AHR
PHOSPHO1,AHR
FRMD5,AHR
ABHD4,AHR
ARHGAP19,AHR
SLC38A2,AHR
MCL1,AHR
JMY,AHR
RNF182,AHR
DYRK2,AHR
KLF13,AHR
KDM7A,AHR
ADD3,AHR
PARD6B,AHR
TBX2,AHR
PIKFYVE,AHR
KLF9,AHR
PPTC7,AHR
TM4SF1,AHR
GEM,AHR
MAPKAPK2,AHR
RABL6,AHR
DSTN,AHR
CPEB4,AHR
CCDC85C,AHR
KLF5,AHR
TRIP12,AHR
IFITM3,CEBPB
EHF,CEBPB
IFITM1,CEBPB
NCF2,CEBPB
TNC,CEBPB
DDX60L,CEBPB
PLOD2,CEBPB
LIPH,CEBPB
NAMPT,CEBPB
C3AR1,CEBPB
TNS4,CEBPB
JUNB,CEBPB
PRND,CEBPB
IER3,CEBPB
MAP3K5,CEBPB
HLA-B,CEBPB
HLA-C,CEBPB
GRIP2,CEBPB
OVOL2,CEBPB
S100A6,CEBPB
ROR1,CEBPB
TRIB2,CEBPB
ABCG1,CEBPB
NDRG4,CEBPB
SLC1A2,CEBPB
ADRB2,CEBPB
FOXO1,CEBPB
SOCS3,CEBPB
ATXN1,CEBPB
PMAIP1,CEBPB
SLC19A2,CEBPB
TIPARP,CEBPB
ARHGAP26,CEBPB
GADD45G,CEBPB
MAFB,CEBPB
TCN1,CEBPB
BCL3,CEBPB
BHLHE40,CEBPB
CPE,CEBPB
LRP10,CEBPB
CSRNP1,CEBPB
BTG2,CEBPB
BTG1,CEBPB
SLC2A3,CEBPB
CXCL2,CEBPB
IRF2BPL,CEBPB
CALB2,CEBPB
GLIPR1,CEBPB
FAM102A,CEBPB
CASP4,CEBPB
NFKBIZ,CEBPB
ITGAX,CEBPB
CASP1,CEBPB
QSOX1,CEBPB
TSC22D3,CEBPB
PLAUR,CEBPB
DUSP6,CEBPB
PTP4A1,CEBPB
IRF1,CEBPB
PELI1,CEBPB
NCOA7,CEBPB
RBM47,CEBPB
APOL6,CEBPB
STAMBPL1,CEBPB
GBP2,CEBPB
SMOX,CEBPB
SEMA4B,CEBPB
SNX22,CEBPB
DHRS3,CEBPB
PSMB9,CEBPB
VEGFA,CEBPB
VEPH1,CEBPB
IL18R1,CEBPB
TMEM229B,CEBPB
CREB3L3,CEBPB
MTHFD2L,CEBPB
ST3GAL1,CEBPB
JAG1,CEBPB
CXCL8,CEBPB
HINT3,CEBPB
PTGIS,CEBPB
SERPINB6,CEBPB
DDR2,CEBPB
FSTL1,CEBPB
NQO2,CEBPB
DHRS2,CEBPB
KLF2,CEBPB
SPON2,CEBPB
HIVEP2,CEBPB
FAM160A1,CEBPB
BBC3,CEBPB
GDF15,CEBPB
RGS2,CEBPB
UBALD2,CEBPB
ODF3B,CEBPB
LONRF3,CEBPB
CAMK2D,CEBPB
KLF9,CEBPB
HMGCS1,CEBPB
IFITM3,CEBPB
EHF,CEBPB
IFITM1,CEBPB
NCF2,CEBPB
TNC,CEBPB
DDX60L,CEBPB
PLOD2,CEBPB
LIPH,CEBPB
NAMPT,CEBPB
C3AR1,CEBPB
TNS4,CEBPB
JUNB,CEBPB
PRND,CEBPB
IER3,CEBPB
MAP3K5,CEBPB
HLA-B,CEBPB
HLA-C,CEBPB
GRIP2,CEBPB
OVOL2,CEBPB
S100A6,CEBPB
ROR1,CEBPB
TRIB2,CEBPB
ABCG1,CEBPB
NDRG4,CEBPB
SLC1A2,CEBPB
ADRB2,CEBPB
FOXO1,CEBPB
SOCS3,CEBPB
ATXN1,CEBPB
PMAIP1,CEBPB
SLC19A2,CEBPB
TIPARP,CEBPB
ARHGAP26,CEBPB
GADD45G,CEBPB
MAFB,CEBPB
TCN1,CEBPB
BCL3,CEBPB
BHLHE40,CEBPB
CPE,CEBPB
LRP10,CEBPB
CSRNP1,CEBPB
BTG2,CEBPB
BTG1,CEBPB
SLC2A3,CEBPB
CXCL2,CEBPB
IRF2BPL,CEBPB
CALB2,CEBPB
GLIPR1,CEBPB
FAM102A,CEBPB
CASP4,CEBPB
NFKBIZ,CEBPB
ITGAX,CEBPB
CASP1,CEBPB
QSOX1,CEBPB
TSC22D3,CEBPB
PLAUR,CEBPB
DUSP6,CEBPB
PTP4A1,CEBPB
IRF1,CEBPB
PELI1,CEBPB
NCOA7,CEBPB
RBM47,CEBPB
APOL6,CEBPB
STAMBPL1,CEBPB
GBP2,CEBPB
SMOX,CEBPB
SEMA4B,CEBPB
SNX22,CEBPB
DHRS3,CEBPB
PSMB9,CEBPB
VEGFA,CEBPB
VEPH1,CEBPB
IL18R1,CEBPB
TMEM229B,CEBPB
CREB3L3,CEBPB
MTHFD2L,CEBPB
ST3GAL1,CEBPB
JAG1,CEBPB
CXCL8,CEBPB
HINT3,CEBPB
PTGIS,CEBPB
SERPINB6,CEBPB
DDR2,CEBPB
FSTL1,CEBPB
NQO2,CEBPB
DHRS2,CEBPB
KLF2,CEBPB
SPON2,CEBPB
HIVEP2,CEBPB
FAM160A1,CEBPB
BBC3,CEBPB
GDF15,CEBPB
RGS2,CEBPB
UBALD2,CEBPB
ODF3B,CEBPB
LONRF3,CEBPB
CAMK2D,CEBPB
KLF9,CEBPB
HMGCS1,CEBPB
IFIT3,FOS
TMEM59L,FOS
LGALS3BP,FOS
SERPINA3,FOS
DMKN,FOS
SNCG,FOS
GPR17,FOS
CKB,FOS
NDRG1,FOS
FHIT,FOS
NR4A1,FOS
PPP1R13L,FOS
LAMA5,FOS
IFIT3,FOS
TMEM59L,FOS
LGALS3BP,FOS
SERPINA3,FOS
DMKN,FOS
SNCG,FOS
GPR17,FOS
CKB,FOS
NDRG1,FOS
FHIT,FOS
NR4A1,FOS
PPP1R13L,FOS
LAMA5,FOS
CCDC28B,NR1H3
GLDN,NR1H3
DUOXA1,NR1H3
DLEC1,NR1H3
RFX5,NR1H3
NRN1,NR1H3
SP7,NR1H3
COL9A2,NR1H3
PIK3CD,NR1H3
EFHD1,NR1H3
NDEL1,NR1H3
WIPI1,NR1H3
DDB2,NR1H3
RCN3,NR1H3
MMP14,NR1H3
PLIN1,NR1H3
NAPB,NR1H3
PNCK,NR1H3
PKD1L2,NR1H3
CDRT4,NR1H3
TBX6,NR1H3
FAM167B,NR1H3
FMNL1,NR1H3
YPEL3,NR1H3
CCDC28B,NR1H3
GLDN,NR1H3
DUOXA1,NR1H3
DLEC1,NR1H3
RFX5,NR1H3
NRN1,NR1H3
SP7,NR1H3
COL9A2,NR1H3
PIK3CD,NR1H3
EFHD1,NR1H3
NDEL1,NR1H3
WIPI1,NR1H3
DDB2,NR1H3
RCN3,NR1H3
MMP14,NR1H3
PLIN1,NR1H3
NAPB,NR1H3
PNCK,NR1H3
PKD1L2,NR1H3
CDRT4,NR1H3
TBX6,NR1H3
FAM167B,NR1H3
FMNL1,NR1H3
YPEL3,NR1H3
IFITM3,MAFB
IFITM1,MAFB
NAMPT,MAFB
TNFSF10,MAFB
JUNB,MAFB
SEMA6B,MAFB
FRMD4B,MAFB
S100A6,MAFB
GPR87,MAFB
ADRB2,MAFB
APCDD1,MAFB
KLK8,MAFB
SOCS3,MAFB
PMAIP1,MAFB
SFN,MAFB
TIPARP,MAFB
CP,MAFB
SDK1,MAFB
BCL3,MAFB
BHLHE40,MAFB
BTG2,MAFB
BTG1,MAFB
TNFAIP3,MAFB
CXCL2,MAFB
IRF2BPL,MAFB
NFKBIZ,MAFB
ITGAX,MAFB
DUSP5,MAFB
TSC22D3,MAFB
SPHK1,MAFB
PLAUR,MAFB
DUSP6,MAFB
MTSS1,MAFB
IRF1,MAFB
HBEGF,MAFB
CEBPD,MAFB
DLL1,MAFB
CNNM1,MAFB
WNT7B,MAFB
SEMA4B,MAFB
TTC39C,MAFB
FBXL14,MAFB
DHRS3,MAFB
VEGFA,MAFB
SNAP25,MAFB
IRS2,MAFB
SERPINB6,MAFB
DDR2,MAFB
CEBPB,MAFB
FSTL1,MAFB
NQO2,MAFB
KLF2,MAFB
MIDN,MAFB
MSMO1,MAFB
ZFP36,MAFB
RGS2,MAFB
LURAP1L,MAFB
SESN3,MAFB
SESN2,MAFB
IER5,MAFB
TP63,MAFB
YOD1,MAFB
TICAM1,MAFB
ZC3H11A,MAFB
HECA,MAFB
ATF3,MAFB
IRAK2,MAFB
LONRF1,MAFB
EXPH5,MAFB
MCL1,MAFB
GADD45B,MAFB
NR1D2,MAFB
NR1D1,MAFB
EIF1,MAFB
FOSL2,MAFB
NR4A2,MAFB
NFKBIA,MAFB
EFNA3,MAFB
BCL6,MAFB
CDKN1B,MAFB
SH3BGRL2,MAFB
JARID2,MAFB
DUSP1,MAFB
NCOA3,MAFB
COQ10B,MAFB
RAP2B,MAFB
SLC7A7,MAFB
GAN,MAFB
WDR26,MAFB
PELI2,MAFB
FGD6,MAFB
DCAF11,MAFB
LDLR,MAFB
GDF15,MAFB
WEE1,MAFB
KLF9,MAFB
PLEKHB2,MAFB
METRNL,MAFB
FAM110A,MAFB
PPP1CB,MAFB
TM4SF1,MAFB
GEM,MAFB
GOT1,MAFB
SIAH2,MAFB
DSTN,MAFB
FOXN2,MAFB
SMAD7,MAFB
RGL1,MAFB
NFKBIE,MAFB
CPEB4,MAFB
BCL7B,MAFB
DNAJB4,MAFB
KLF5,MAFB
IFITM3,MAFB
IFITM1,MAFB
NAMPT,MAFB
TNFSF10,MAFB
JUNB,MAFB
SEMA6B,MAFB
FRMD4B,MAFB
S100A6,MAFB
GPR87,MAFB
ADRB2,MAFB
APCDD1,MAFB
KLK8,MAFB
SOCS3,MAFB
PMAIP1,MAFB
SFN,MAFB
TIPARP,MAFB
CP,MAFB
SDK1,MAFB
BCL3,MAFB
BHLHE40,MAFB
BTG2,MAFB
BTG1,MAFB
TNFAIP3,MAFB
CXCL2,MAFB
IRF2BPL,MAFB
NFKBIZ,MAFB
ITGAX,MAFB
DUSP5,MAFB
TSC22D3,MAFB
SPHK1,MAFB
PLAUR,MAFB
DUSP6,MAFB
MTSS1,MAFB
IRF1,MAFB
HBEGF,MAFB
CEBPD,MAFB
DLL1,MAFB
CNNM1,MAFB
WNT7B,MAFB
SEMA4B,MAFB
TTC39C,MAFB
FBXL14,MAFB
DHRS3,MAFB
VEGFA,MAFB
SNAP25,MAFB
IRS2,MAFB
SERPINB6,MAFB
DDR2,MAFB
CEBPB,MAFB
FSTL1,MAFB
NQO2,MAFB
KLF2,MAFB
MIDN,MAFB
MSMO1,MAFB
ZFP36,MAFB
RGS2,MAFB
LURAP1L,MAFB
SESN3,MAFB
SESN2,MAFB
IER5,MAFB
TP63,MAFB
YOD1,MAFB
TICAM1,MAFB
ZC3H11A,MAFB
HECA,MAFB
ATF3,MAFB
IRAK2,MAFB
LONRF1,MAFB
EXPH5,MAFB
MCL1,MAFB
GADD45B,MAFB
NR1D2,MAFB
NR1D1,MAFB
EIF1,MAFB
FOSL2,MAFB
NR4A2,MAFB
NFKBIA,MAFB
EFNA3,MAFB
BCL6,MAFB
CDKN1B,MAFB
SH3BGRL2,MAFB
JARID2,MAFB
DUSP1,MAFB
NCOA3,MAFB
COQ10B,MAFB
RAP2B,MAFB
SLC7A7,MAFB
GAN,MAFB
WDR26,MAFB
PELI2,MAFB
FGD6,MAFB
DCAF11,MAFB
LDLR,MAFB
GDF15,MAFB
WEE1,MAFB
KLF9,MAFB
PLEKHB2,MAFB
METRNL,MAFB
FAM110A,MAFB
PPP1CB,MAFB
TM4SF1,MAFB
GEM,MAFB
GOT1,MAFB
SIAH2,MAFB
DSTN,MAFB
FOXN2,MAFB
SMAD7,MAFB
RGL1,MAFB
NFKBIE,MAFB
CPEB4,MAFB
BCL7B,MAFB
DNAJB4,MAFB
KLF5,MAFB
IFITM3,KLF5
EHF,KLF5
TNC,KLF5
AHR,KLF5
ALCAM,KLF5
TNS4,KLF5
JUNB,KLF5
IER3,KLF5
OVOL2,KLF5
S100A6,KLF5
DSC2,KLF5
CDS1,KLF5
IGSF3,KLF5
GPR87,KLF5
KLK8,KLF5
FOXO1,KLF5
SOCS3,KLF5
PMAIP1,KLF5
SFN,KLF5
TIPARP,KLF5
MAFB,KLF5
BCL3,KLF5
BHLHE40,KLF5
BTG2,KLF5
BTG1,KLF5
TNFAIP3,KLF5
SLC2A3,KLF5
PTPRK,KLF5
IRF2BPL,KLF5
FAM102A,KLF5
NFKBIZ,KLF5
PDE4A,KLF5
UPP1,KLF5
DUSP4,KLF5
DUSP5,KLF5
PLAUR,KLF5
SHROOM3,KLF5
DUSP6,KLF5
SSTR5,KLF5
CDCP1,KLF5
ELF3,KLF5
IRF1,KLF5
HKDC1,KLF5
PPARG,KLF5
BIRC3,KLF5
HBEGF,KLF5
KANK1,KLF5
RBM47,KLF5
CEBPD,KLF5
ABHD17C,KLF5
NAA10,KLF5
WNT7B,KLF5
SEMA4B,KLF5
VEGFA,KLF5
IRS2,KLF5
JADE2,KLF5
CDH5,KLF5
BBX,KLF5
HMCN1,KLF5
SEMA6B,KLF5
MSX2,KLF5
TMEM170B,KLF5
FAR2,KLF5
GNE,KLF5
ADRB2,KLF5
SKIL,KLF5
JAG1,KLF5
UST,KLF5
UBE2U,KLF5
MCTP1,KLF5
SYNE1,KLF5
EDN1,KLF5
RIPK4,KLF5
SERPINB6,KLF5
SLCO4A1,KLF5
DDR2,KLF5
CEBPB,KLF5
EGFLAM,KLF5
NQO2,KLF5
TPBG,KLF5
KLF2,KLF5
PDP1,KLF5
VEPH1,KLF5
LINC00659,KLF5
TP63,KLF5
VPS28,KLF5
ATF3,KLF5
GRB7,KLF5
EXPH5,KLF5
GADD45B,KLF5
NR1D1,KLF5
FOSL2,KLF5
BBC3,KLF5
TRIM7,KLF5
JARID2,KLF5
MIDN,KLF5
ZFP36,KLF5
RGS2,KLF5
PIM3,KLF5
MUC3A,KLF5
ODF3B,KLF5
FUT1,KLF5
MCL1,KLF5
NR4A2,KLF5
NFKBIA,KLF5
EFNA3,KLF5
BCL6,KLF5
KDM5B,KLF5
SIX4,KLF5
DCAF11,KLF5
KLF9,KLF5
METRNL,KLF5
CAPN15,KLF5
FAM110A,KLF5
IER5,KLF5
SCRIB,KLF5
UBALD2,KLF5
TM4SF1,KLF5
GEM,KLF5
SAP30,KLF5
TRIB3,KLF5
PCDH18,KLF5
FUT4,KLF5
ECT2,KLF5
SIAH2,KLF5
DSTN,KLF5
OSGIN2,KLF5
FOXN2,KLF5
SMAD7,KLF5
SP4,KLF5
CDK1,KLF5
NFKBIE,KLF5
CPEB4,KLF5
NRARP,KLF5
NCS1,KLF5
ZNF367,KLF5
HIST1H1C,KLF5
CCNA2,KLF5
DDAH1,KLF5
DCP2,KLF5
IER5L,KLF5
ZNF628,KLF5
MIB1,KLF5
TRIM36,KLF5
IFITM3,KLF5
EHF,KLF5
TNC,KLF5
AHR,KLF5
ALCAM,KLF5
TNS4,KLF5
JUNB,KLF5
IER3,KLF5
OVOL2,KLF5
S100A6,KLF5
DSC2,KLF5
CDS1,KLF5
IGSF3,KLF5
GPR87,KLF5
KLK8,KLF5
FOXO1,KLF5
SOCS3,KLF5
PMAIP1,KLF5
SFN,KLF5
TIPARP,KLF5
MAFB,KLF5
BCL3,KLF5
BHLHE40,KLF5
BTG2,KLF5
BTG1,KLF5
TNFAIP3,KLF5
SLC2A3,KLF5
PTPRK,KLF5
IRF2BPL,KLF5
FAM102A,KLF5
NFKBIZ,KLF5
PDE4A,KLF5
UPP1,KLF5
DUSP4,KLF5
DUSP5,KLF5
PLAUR,KLF5
SHROOM3,KLF5
DUSP6,KLF5
SSTR5,KLF5
CDCP1,KLF5
ELF3,KLF5
IRF1,KLF5
HKDC1,KLF5
PPARG,KLF5
BIRC3,KLF5
HBEGF,KLF5
KANK1,KLF5
RBM47,KLF5
CEBPD,KLF5
ABHD17C,KLF5
NAA10,KLF5
WNT7B,KLF5
SEMA4B,KLF5
VEGFA,KLF5
IRS2,KLF5
JADE2,KLF5
CDH5,KLF5
BBX,KLF5
HMCN1,KLF5
SEMA6B,KLF5
MSX2,KLF5
TMEM170B,KLF5
FAR2,KLF5
GNE,KLF5
ADRB2,KLF5
SKIL,KLF5
JAG1,KLF5
UST,KLF5
UBE2U,KLF5
MCTP1,KLF5
SYNE1,KLF5
EDN1,KLF5
RIPK4,KLF5
SERPINB6,KLF5
SLCO4A1,KLF5
DDR2,KLF5
CEBPB,KLF5
EGFLAM,KLF5
NQO2,KLF5
TPBG,KLF5
KLF2,KLF5
PDP1,KLF5
VEPH1,KLF5
LINC00659,KLF5
TP63,KLF5
VPS28,KLF5
ATF3,KLF5
GRB7,KLF5
EXPH5,KLF5
GADD45B,KLF5
NR1D1,KLF5
FOSL2,KLF5
BBC3,KLF5
TRIM7,KLF5
JARID2,KLF5
MIDN,KLF5
ZFP36,KLF5
RGS2,KLF5
PIM3,KLF5
MUC3A,KLF5
ODF3B,KLF5
FUT1,KLF5
MCL1,KLF5
NR4A2,KLF5
NFKBIA,KLF5
EFNA3,KLF5
BCL6,KLF5
KDM5B,KLF5
SIX4,KLF5
DCAF11,KLF5
KLF9,KLF5
METRNL,KLF5
CAPN15,KLF5
FAM110A,KLF5
IER5,KLF5
SCRIB,KLF5
UBALD2,KLF5
TM4SF1,KLF5
GEM,KLF5
SAP30,KLF5
TRIB3,KLF5
PCDH18,KLF5
FUT4,KLF5
ECT2,KLF5
SIAH2,KLF5
DSTN,KLF5
OSGIN2,KLF5
FOXN2,KLF5
SMAD7,KLF5
SP4,KLF5
CDK1,KLF5
NFKBIE,KLF5
CPEB4,KLF5
NRARP,KLF5
NCS1,KLF5
ZNF367,KLF5
HIST1H1C,KLF5
CCNA2,KLF5
DDAH1,KLF5
DCP2,KLF5
IER5L,KLF5
ZNF628,KLF5
MIB1,KLF5
TRIM36,KLF5
CCDC71L,CEBPD
IFITM3,CEBPD
IFITM1,CEBPD
NCF2,CEBPD
TNC,CEBPD
CBLB,CEBPD
AHR,CEBPD
FAM107B,CEBPD
CDH5,CEBPD
SCN9A,CEBPD
NAMPT,CEBPD
BBX,CEBPD
JUNB,CEBPD
IER3,CEBPD
MYLIP,CEBPD
HLA-B,CEBPD
HLA-C,CEBPD
TNIK,CEBPD
TRIB2,CEBPD
NDRG4,CEBPD
SOCS3,CEBPD
RNF217,CEBPD
MAFB,CEBPD
TCN1,CEBPD
BAMBI,CEBPD
BCL3,CEBPD
BHLHE40,CEBPD
LRP10,CEBPD
CSRNP1,CEBPD
BTG1,CEBPD
SLC2A3,CEBPD
RCSD1,CEBPD
CXCL2,CEBPD
IRF2BPL,CEBPD
NFKBIZ,CEBPD
ITGAX,CEBPD
PDE4A,CEBPD
SCARF2,CEBPD
AASS,CEBPD
TSC22D3,CEBPD
SPHK1,CEBPD
PLA2G4A,CEBPD
ELOVL6,CEBPD
VWA1,CEBPD
NCOA7,CEBPD
HBEGF,CEBPD
PAPPA2,CEBPD
PTGER4,CEBPD
KANK1,CEBPD
CAMK2D,CEBPD
CNNM1,CEBPD
IFI16,CEBPD
CD74,CEBPD
MID1IP1,CEBPD
SAMD4A,CEBPD
SNX22,CEBPD
DHRS3,CEBPD
VEGFA,CEBPD
PPP2R2C,CEBPD
S100Z,CEBPD
NFIA,CEBPD
RPL13AP5,CEBPD
IRS2,CEBPD
SERPINB6,CEBPD
CEBPB,CEBPD
PDLIM3,CEBPD
ST3GAL1,CEBPD
NQO2,CEBPD
KLF2,CEBPD
PGAP1,CEBPD
BACH1,CEBPD
LINC00659,CEBPD
IER5,CEBPD
VPS28,CEBPD
ATF3,CEBPD
GRB7,CEBPD
PCDH18,CEBPD
CYP27B1,CEBPD
GADD45B,CEBPD
NR1D1,CEBPD
FOSL2,CEBPD
CPEB3,CEBPD
BBC3,CEBPD
RNF157,CEBPD
TRIM7,CEBPD
JARID2,CEBPD
MIDN,CEBPD
RAB43,CEBPD
ZFP36,CEBPD
SESN2,CEBPD
PIM3,CEBPD
UBALD2,CEBPD
H1FX-AS1,CEBPD
PHOSPHO1,CEBPD
ODF3B,CEBPD
RHOBTB3,CEBPD
BCL2L13,CEBPD
SLC38A2,CEBPD
MCL1,CEBPD
NR4A2,CEBPD
NFKBIA,CEBPD
BCL6,CEBPD
CHD7,CEBPD
DDX59,CEBPD
PIKFYVE,CEBPD
KLF9,CEBPD
PLEKHB2,CEBPD
METRNL,CEBPD
TRIB3,CEBPD
RABL6,CEBPD
FBXO45,CEBPD
SBNO2,CEBPD
PPP3R1,CEBPD
H1FX,CEBPD
PHC2,CEBPD
GOT1,CEBPD
NFKBIE,CEBPD
RNF11,CEBPD
ZNF367,CEBPD
HIST1H1C,CEBPD
TBC1D4,CEBPD
IER5L,CEBPD
RNF138,CEBPD
GCNT2,CEBPD
CCDC71L,CEBPD
IFITM3,CEBPD
IFITM1,CEBPD
NCF2,CEBPD
TNC,CEBPD
CBLB,CEBPD
AHR,CEBPD
FAM107B,CEBPD
CDH5,CEBPD
SCN9A,CEBPD
NAMPT,CEBPD
BBX,CEBPD
JUNB,CEBPD
IER3,CEBPD
MYLIP,CEBPD
HLA-B,CEBPD
HLA-C,CEBPD
TNIK,CEBPD
TRIB2,CEBPD
NDRG4,CEBPD
SOCS3,CEBPD
RNF217,CEBPD
MAFB,CEBPD
TCN1,CEBPD
BAMBI,CEBPD
BCL3,CEBPD
BHLHE40,CEBPD
LRP10,CEBPD
CSRNP1,CEBPD
BTG1,CEBPD
SLC2A3,CEBPD
RCSD1,CEBPD
CXCL2,CEBPD
IRF2BPL,CEBPD
NFKBIZ,CEBPD
ITGAX,CEBPD
PDE4A,CEBPD
SCARF2,CEBPD
AASS,CEBPD
TSC22D3,CEBPD
SPHK1,CEBPD
PLA2G4A,CEBPD
ELOVL6,CEBPD
VWA1,CEBPD
NCOA7,CEBPD
HBEGF,CEBPD
PAPPA2,CEBPD
PTGER4,CEBPD
KANK1,CEBPD
CAMK2D,CEBPD
CNNM1,CEBPD
IFI16,CEBPD
CD74,CEBPD
MID1IP1,CEBPD
SAMD4A,CEBPD
SNX22,CEBPD
DHRS3,CEBPD
VEGFA,CEBPD
PPP2R2C,CEBPD
S100Z,CEBPD
NFIA,CEBPD
RPL13AP5,CEBPD
IRS2,CEBPD
SERPINB6,CEBPD
CEBPB,CEBPD
PDLIM3,CEBPD
ST3GAL1,CEBPD
NQO2,CEBPD
KLF2,CEBPD
PGAP1,CEBPD
BACH1,CEBPD
LINC00659,CEBPD
IER5,CEBPD
VPS28,CEBPD
ATF3,CEBPD
GRB7,CEBPD
PCDH18,CEBPD
CYP27B1,CEBPD
GADD45B,CEBPD
NR1D1,CEBPD
FOSL2,CEBPD
CPEB3,CEBPD
BBC3,CEBPD
RNF157,CEBPD
TRIM7,CEBPD
JARID2,CEBPD
MIDN,CEBPD
RAB43,CEBPD
ZFP36,CEBPD
SESN2,CEBPD
PIM3,CEBPD
UBALD2,CEBPD
H1FX-AS1,CEBPD
PHOSPHO1,CEBPD
ODF3B,CEBPD
RHOBTB3,CEBPD
BCL2L13,CEBPD
SLC38A2,CEBPD
MCL1,CEBPD
NR4A2,CEBPD
NFKBIA,CEBPD
BCL6,CEBPD
CHD7,CEBPD
DDX59,CEBPD
PIKFYVE,CEBPD
KLF9,CEBPD
PLEKHB2,CEBPD
METRNL,CEBPD
TRIB3,CEBPD
RABL6,CEBPD
FBXO45,CEBPD
SBNO2,CEBPD
PPP3R1,CEBPD
H1FX,CEBPD
PHC2,CEBPD
GOT1,CEBPD
NFKBIE,CEBPD
RNF11,CEBPD
ZNF367,CEBPD
HIST1H1C,CEBPD
TBC1D4,CEBPD
IER5L,CEBPD
RNF138,CEBPD
GCNT2,CEBPD
IFITM3,RELB
IFITM1,RELB
CSF1,RELB
NCF2,RELB
TNC,RELB
AHR,RELB
NAMPT,RELB
TNFSF10,RELB
JUNB,RELB
MAP3K5,RELB
IER3,RELB
HLA-J,RELB
HLA-B,RELB
HLA-C,RELB
RRAGD,RELB
S100A6,RELB
CARD16,RELB
ALPK2,RELB
CD274,RELB
DDX60,RELB
SOCS3,RELB
ATXN1,RELB
PMAIP1,RELB
TNFRSF9,RELB
PARP14,RELB
BMP5,RELB
INHBE,RELB
BCL3,RELB
BHLHE40,RELB
TNFSF9,RELB
LRP10,RELB
CSRNP1,RELB
BTG2,RELB
BTG1,RELB
TNFAIP3,RELB
SLC2A3,RELB
CXCL2,RELB
IRF2BPL,RELB
IFIH1,RELB
CASP4,RELB
NFKBIZ,RELB
CASP1,RELB
PDE4B,RELB
ITGAX,RELB
PDE4A,RELB
EMILIN2,RELB
UPP1,RELB
DUSP4,RELB
DUSP5,RELB
DUSP2,RELB
TESC,RELB
SPHK1,RELB
TSC22D3,RELB
PLAUR,RELB
DUSP6,RELB
IRF1,RELB
HBEGF,RELB
CEBPD,RELB
NLRC5,RELB
ABHD17C,RELB
IFI16,RELB
GBP2,RELB
GBP1,RELB
GBP3,RELB
CD74,RELB
GCH1,RELB
PSMB9,RELB
VEGFA,RELB
NEURL3,RELB
IL18R1,RELB
CXCL8,RELB
IRS2,RELB
JADE2,RELB
EDN1,RELB
EN2,RELB
DDR2,RELB
CEBPB,RELB
ST3GAL1,RELB
SKIL,RELB
KLF2,RELB
MIDN,RELB
BACH1,RELB
RAB43,RELB
HELB,RELB
ZFP36,RELB
RGS2,RELB
PIM3,RELB
IER5,RELB
VASH2,RELB
UBALD2,RELB
TICAM1,RELB
ODF3B,RELB
ZNF678,RELB
ATF3,RELB
TSHZ1,RELB
IRAK2,RELB
MCL1,RELB
GADD45B,RELB
NR1D2,RELB
NFATC1,RELB
NFKB2,RELB
FOSL2,RELB
NR4A2,RELB
NFKBIA,RELB
BCL6,RELB
CDKN1B,RELB
BBC3,RELB
RNF157,RELB
EMX1,RELB
TIFA,RELB
GDF15,RELB
DEF6,RELB
METRNL,RELB
PIM2,RELB
IL15RA,RELB
MAP2K1,RELB
GEM,RELB
TBL1XR1,RELB
MTHFD2,RELB
MAPKAPK2,RELB
TRIB3,RELB
WNT6,RELB
SBNO2,RELB
ZNF668,RELB
ZNF267,RELB
SMAD7,RELB
NFKBIE,RELB
ANKRD33B,RELB
NRARP,RELB
SUN2,RELB
BATF3,RELB
BIRC2,RELB
TRIP12,RELB
IFITM3,RELB
IFITM1,RELB
CSF1,RELB
NCF2,RELB
TNC,RELB
AHR,RELB
NAMPT,RELB
TNFSF10,RELB
JUNB,RELB
MAP3K5,RELB
IER3,RELB
HLA-J,RELB
HLA-B,RELB
HLA-C,RELB
RRAGD,RELB
S100A6,RELB
CARD16,RELB
ALPK2,RELB
CD274,RELB
DDX60,RELB
SOCS3,RELB
ATXN1,RELB
PMAIP1,RELB
TNFRSF9,RELB
PARP14,RELB
BMP5,RELB
INHBE,RELB
BCL3,RELB
BHLHE40,RELB
TNFSF9,RELB
LRP10,RELB
CSRNP1,RELB
BTG2,RELB
BTG1,RELB
TNFAIP3,RELB
SLC2A3,RELB
CXCL2,RELB
IRF2BPL,RELB
IFIH1,RELB
CASP4,RELB
NFKBIZ,RELB
CASP1,RELB
PDE4B,RELB
ITGAX,RELB
PDE4A,RELB
EMILIN2,RELB
UPP1,RELB
DUSP4,RELB
DUSP5,RELB
DUSP2,RELB
TESC,RELB
SPHK1,RELB
TSC22D3,RELB
PLAUR,RELB
DUSP6,RELB
IRF1,RELB
HBEGF,RELB
CEBPD,RELB
NLRC5,RELB
ABHD17C,RELB
IFI16,RELB
GBP2,RELB
GBP1,RELB
GBP3,RELB
CD74,RELB
GCH1,RELB
PSMB9,RELB
VEGFA,RELB
NEURL3,RELB
IL18R1,RELB
CXCL8,RELB
IRS2,RELB
JADE2,RELB
EDN1,RELB
EN2,RELB
DDR2,RELB
CEBPB,RELB
ST3GAL1,RELB
SKIL,RELB
KLF2,RELB
MIDN,RELB
BACH1,RELB
RAB43,RELB
HELB,RELB
ZFP36,RELB
RGS2,RELB
PIM3,RELB
IER5,RELB
VASH2,RELB
UBALD2,RELB
TICAM1,RELB
ODF3B,RELB
ZNF678,RELB
ATF3,RELB
TSHZ1,RELB
IRAK2,RELB
MCL1,RELB
GADD45B,RELB
NR1D2,RELB
NFATC1,RELB
NFKB2,RELB
FOSL2,RELB
NR4A2,RELB
NFKBIA,RELB
BCL6,RELB
CDKN1B,RELB
BBC3,RELB
RNF157,RELB
EMX1,RELB
TIFA,RELB
GDF15,RELB
DEF6,RELB
METRNL,RELB
PIM2,RELB
IL15RA,RELB
MAP2K1,RELB
GEM,RELB
TBL1XR1,RELB
MTHFD2,RELB
MAPKAPK2,RELB
TRIB3,RELB
WNT6,RELB
SBNO2,RELB
ZNF668,RELB
ZNF267,RELB
SMAD7,RELB
NFKBIE,RELB
ANKRD33B,RELB
NRARP,RELB
SUN2,RELB
BATF3,RELB
BIRC2,RELB
TRIP12,RELB
SERPINE2,FOSL1
ETS2,FOSL1
SMCO4,FOSL1
IL6R,FOSL1
PAQR8,FOSL1
S100A2,FOSL1
IL1R1,FOSL1
IGFBP4,FOSL1
SLC30A1,FOSL1
LIFR,FOSL1
SLC22A4,FOSL1
SDC4,FOSL1
STRA6,FOSL1
SLC52A2,FOSL1
ADORA2A-AS1,FOSL1
DHRS13,FOSL1
AKR1B1,FOSL1
CXCL3,FOSL1
PRSS23,FOSL1
CXCL5,FOSL1
FCRLB,FOSL1
PPP3CA,FOSL1
CHAMP1,FOSL1
ITGA2,FOSL1
OSMR,FOSL1
ACTBL2,FOSL1
VGF,FOSL1
MAPRE2,FOSL1
SF3B4,FOSL1
LAMA3,FOSL1
PDLIM1,FOSL1
NT5E,FOSL1
LRRC8A,FOSL1
E2F7,FOSL1
LAMB3,FOSL1
ANTXR2,FOSL1
TGM2,FOSL1
TMX1,FOSL1
STEAP1,FOSL1
EPHA2,FOSL1
HIF1A,FOSL1
HRH1,FOSL1
PRNP,FOSL1
TNFRSF10A,FOSL1
ULBP2,FOSL1
CTSL,FOSL1
ANKRD1,FOSL1
TUBB2A,FOSL1
B4GALT5,FOSL1
KRT19,FOSL1
ITPRIP,FOSL1
CDC20,FOSL1
PNP,FOSL1
NUDT15,FOSL1
KRT8,FOSL1
CDC25A,FOSL1
MAP7D1,FOSL1
RTN4,FOSL1
HMOX1,FOSL1
S100A11,FOSL1
PLK1,FOSL1
CGN,FOSL1
ELL2,FOSL1
YRDC,FOSL1
SLC2A1,FOSL1
SLC7A11,FOSL1
TUBA1C,FOSL1
ANXA1,FOSL1
GLRX5,FOSL1
AEN,FOSL1
F3,FOSL1
SLC7A5,FOSL1
DTL,FOSL1
RRM2,FOSL1
ADRM1,FOSL1
PTX3,FOSL1
SERPINE2,FOSL1
ETS2,FOSL1
SMCO4,FOSL1
IL6R,FOSL1
PAQR8,FOSL1
S100A2,FOSL1
IL1R1,FOSL1
IGFBP4,FOSL1
SLC30A1,FOSL1
LIFR,FOSL1
SLC22A4,FOSL1
SDC4,FOSL1
STRA6,FOSL1
SLC52A2,FOSL1
ADORA2A-AS1,FOSL1
DHRS13,FOSL1
AKR1B1,FOSL1
CXCL3,FOSL1
PRSS23,FOSL1
CXCL5,FOSL1
FCRLB,FOSL1
PPP3CA,FOSL1
CHAMP1,FOSL1
ITGA2,FOSL1
OSMR,FOSL1
ACTBL2,FOSL1
VGF,FOSL1
MAPRE2,FOSL1
SF3B4,FOSL1
LAMA3,FOSL1
PDLIM1,FOSL1
NT5E,FOSL1
LRRC8A,FOSL1
E2F7,FOSL1
LAMB3,FOSL1
ANTXR2,FOSL1
TGM2,FOSL1
TMX1,FOSL1
STEAP1,FOSL1
EPHA2,FOSL1
HIF1A,FOSL1
HRH1,FOSL1
PRNP,FOSL1
TNFRSF10A,FOSL1
ULBP2,FOSL1
CTSL,FOSL1
ANKRD1,FOSL1
TUBB2A,FOSL1
B4GALT5,FOSL1
KRT19,FOSL1
ITPRIP,FOSL1
CDC20,FOSL1
PNP,FOSL1
NUDT15,FOSL1
KRT8,FOSL1
CDC25A,FOSL1
MAP7D1,FOSL1
RTN4,FOSL1
HMOX1,FOSL1
S100A11,FOSL1
PLK1,FOSL1
CGN,FOSL1
ELL2,FOSL1
YRDC,FOSL1
SLC2A1,FOSL1
SLC7A11,FOSL1
TUBA1C,FOSL1
ANXA1,FOSL1
GLRX5,FOSL1
AEN,FOSL1
F3,FOSL1
SLC7A5,FOSL1
DTL,FOSL1
RRM2,FOSL1
ADRM1,FOSL1
PTX3,FOSL1
ALCAM,PPARG
IER3,PPARG
UHMK1,PPARG
FAM102A,PPARG
DUSP4,PPARG
DUSP6,PPARG
RNF144B,PPARG
HIRA,PPARG
APOL6,PPARG
DHRS3,PPARG
VEGFA,PPARG
FAM107B,PPARG
DEPTOR,PPARG
MAP3K5,PPARG
S100A6,PPARG
ATXN1,PPARG
PMAIP1,PPARG
TDRD5,PPARG
ARHGAP26,PPARG
MAFB,PPARG
BCL3,PPARG
BHLHE40,PPARG
BCL2,PPARG
MAST4,PPARG
NFKBIZ,PPARG
BOC,PPARG
PLAUR,PPARG
IRF1,PPARG
NLRC5,PPARG
SEMA4B,PPARG
FBXL17,PPARG
CXCL8,PPARG
EDN1,PPARG
DDR2,PPARG
NQO2,PPARG
KLF2,PPARG
ZCCHC10,PPARG
SH3RF1,PPARG
GCNT2,PPARG
METRNL,PPARG
PPTC7,PPARG
TBL1XR1,PPARG
MAPKAPK2,PPARG
GOT1,PPARG
SMAD7,PPARG
TBC1D4,PPARG
MACC1,PPARG
KLF5,PPARG
ALCAM,PPARG
IER3,PPARG
UHMK1,PPARG
FAM102A,PPARG
DUSP4,PPARG
DUSP6,PPARG
RNF144B,PPARG
HIRA,PPARG
APOL6,PPARG
DHRS3,PPARG
VEGFA,PPARG
FAM107B,PPARG
DEPTOR,PPARG
MAP3K5,PPARG
S100A6,PPARG
ATXN1,PPARG
PMAIP1,PPARG
TDRD5,PPARG
ARHGAP26,PPARG
MAFB,PPARG
BCL3,PPARG
BHLHE40,PPARG
BCL2,PPARG
MAST4,PPARG
NFKBIZ,PPARG
BOC,PPARG
PLAUR,PPARG
IRF1,PPARG
NLRC5,PPARG
SEMA4B,PPARG
FBXL17,PPARG
CXCL8,PPARG
EDN1,PPARG
DDR2,PPARG
NQO2,PPARG
KLF2,PPARG
ZCCHC10,PPARG
SH3RF1,PPARG
GCNT2,PPARG
METRNL,PPARG
PPTC7,PPARG
TBL1XR1,PPARG
MAPKAPK2,PPARG
GOT1,PPARG
SMAD7,PPARG
TBC1D4,PPARG
MACC1,PPARG
KLF5,PPARG
IFITM3,BHLHE40
EHF,BHLHE40
CSF1,BHLHE40
AHR,BHLHE40
RPS6KA2,BHLHE40
NDST3,BHLHE40
NAMPT,BHLHE40
IER3,BHLHE40
MYLIP,BHLHE40
TLE1,BHLHE40
S100A6,BHLHE40
TNIK,BHLHE40
IGSF3,BHLHE40
GPR87,BHLHE40
SFN,BHLHE40
TIPARP,BHLHE40
TDRD5,BHLHE40
ARHGAP26,BHLHE40
INHBE,BHLHE40
GADD45G,BHLHE40
BCL2,BHLHE40
TNFSF9,BHLHE40
LRP10,BHLHE40
CPEB2,BHLHE40
CSRNP1,BHLHE40
PTPRU,BHLHE40
BTG1,BHLHE40
MAST4,BHLHE40
TNFAIP3,BHLHE40
SLC2A3,BHLHE40
BMI1,BHLHE40
PDE4A,BHLHE40
EMILIN2,BHLHE40
DUSP4,BHLHE40
DUSP5,BHLHE40
DUSP2,BHLHE40
SPHK1,BHLHE40
PTP4A1,BHLHE40
RAP2C,BHLHE40
CDCP1,BHLHE40
MMP17,BHLHE40
HBEGF,BHLHE40
BIRC3,BHLHE40
THSD4,BHLHE40
RELB,BHLHE40
E2F5,BHLHE40
CD74,BHLHE40
NAA10,BHLHE40
GCH1,BHLHE40
VEGFA,BHLHE40
TSPAN13,BHLHE40
NEURL3,BHLHE40
JADE2,BHLHE40
NAA30,BHLHE40
RIPK4,BHLHE40
SLCO4A1,BHLHE40
CEBPB,BHLHE40
NQO2,BHLHE40
JAG1,BHLHE40
CD22,BHLHE40
IER5,BHLHE40
GRB7,BHLHE40
CITED4,BHLHE40
BBC3,BHLHE40
GDF15,BHLHE40
PIM3,BHLHE40
UBALD2,BHLHE40
ODF3B,BHLHE40
METRNL,BHLHE40
FAM110A,BHLHE40
PPP1CB,BHLHE40
PIM2,BHLHE40
TNS4,BHLHE40
DAXX,BHLHE40
PPTC7,BHLHE40
TM4SF1,BHLHE40
TBL1XR1,BHLHE40
MAPKAPK2,BHLHE40
TRIB3,BHLHE40
LRRC58,BHLHE40
INO80C,BHLHE40
EIF5A2,BHLHE40
ADRB2,BHLHE40
PPP3R1,BHLHE40
SBNO2,BHLHE40
SLC19A2,BHLHE40
MEX3D,BHLHE40
THAP11,BHLHE40
SMAD7,BHLHE40
UBE2S,BHLHE40
NFKBIE,BHLHE40
PLEKHF1,BHLHE40
ZCCHC10,BHLHE40
NRARP,BHLHE40
SHB,BHLHE40
CXCL2,BHLHE40
ZNF367,BHLHE40
SUN2,BHLHE40
HMGCS1,BHLHE40
PLAUR,BHLHE40
NDUFB8,BHLHE40
CAMK2D,BHLHE40
IER5L,BHLHE40
CNNM1,BHLHE40
CCDC85C,BHLHE40
STAMBPL1,BHLHE40
ZNF628,BHLHE40
KLF5,BHLHE40
IFITM3,BHLHE40
EHF,BHLHE40
CSF1,BHLHE40
AHR,BHLHE40
RPS6KA2,BHLHE40
NDST3,BHLHE40
NAMPT,BHLHE40
IER3,BHLHE40
MYLIP,BHLHE40
TLE1,BHLHE40
S100A6,BHLHE40
TNIK,BHLHE40
IGSF3,BHLHE40
GPR87,BHLHE40
SFN,BHLHE40
TIPARP,BHLHE40
TDRD5,BHLHE40
ARHGAP26,BHLHE40
INHBE,BHLHE40
GADD45G,BHLHE40
BCL2,BHLHE40
TNFSF9,BHLHE40
LRP10,BHLHE40
CPEB2,BHLHE40
CSRNP1,BHLHE40
PTPRU,BHLHE40
BTG1,BHLHE40
MAST4,BHLHE40
TNFAIP3,BHLHE40
SLC2A3,BHLHE40
BMI1,BHLHE40
PDE4A,BHLHE40
EMILIN2,BHLHE40
DUSP4,BHLHE40
DUSP5,BHLHE40
DUSP2,BHLHE40
SPHK1,BHLHE40
PTP4A1,BHLHE40
RAP2C,BHLHE40
CDCP1,BHLHE40
MMP17,BHLHE40
HBEGF,BHLHE40
BIRC3,BHLHE40
THSD4,BHLHE40
RELB,BHLHE40
E2F5,BHLHE40
CD74,BHLHE40
NAA10,BHLHE40
GCH1,BHLHE40
VEGFA,BHLHE40
TSPAN13,BHLHE40
NEURL3,BHLHE40
JADE2,BHLHE40
NAA30,BHLHE40
RIPK4,BHLHE40
SLCO4A1,BHLHE40
CEBPB,BHLHE40
NQO2,BHLHE40
JAG1,BHLHE40
CD22,BHLHE40
IER5,BHLHE40
GRB7,BHLHE40
CITED4,BHLHE40
BBC3,BHLHE40
GDF15,BHLHE40
PIM3,BHLHE40
UBALD2,BHLHE40
ODF3B,BHLHE40
METRNL,BHLHE40
FAM110A,BHLHE40
PPP1CB,BHLHE40
PIM2,BHLHE40
TNS4,BHLHE40
DAXX,BHLHE40
PPTC7,BHLHE40
TM4SF1,BHLHE40
TBL1XR1,BHLHE40
MAPKAPK2,BHLHE40
TRIB3,BHLHE40
LRRC58,BHLHE40
INO80C,BHLHE40
EIF5A2,BHLHE40
ADRB2,BHLHE40
PPP3R1,BHLHE40
SBNO2,BHLHE40
SLC19A2,BHLHE40
MEX3D,BHLHE40
THAP11,BHLHE40
SMAD7,BHLHE40
UBE2S,BHLHE40
NFKBIE,BHLHE40
PLEKHF1,BHLHE40
ZCCHC10,BHLHE40
NRARP,BHLHE40
SHB,BHLHE40
CXCL2,BHLHE40
ZNF367,BHLHE40
SUN2,BHLHE40
HMGCS1,BHLHE40
PLAUR,BHLHE40
NDUFB8,BHLHE40
CAMK2D,BHLHE40
IER5L,BHLHE40
CNNM1,BHLHE40
CCDC85C,BHLHE40
STAMBPL1,BHLHE40
ZNF628,BHLHE40
KLF5,BHLHE40
IFITM3,NFE2L2
EHF,NFE2L2
TNC,NFE2L2
AHR,NFE2L2
ALCAM,NFE2L2
NAMPT,NFE2L2
JUNB,NFE2L2
IER3,NFE2L2
FRMD4B,NFE2L2
GRIP2,NFE2L2
S100A6,NFE2L2
DSC2,NFE2L2
CD274,NFE2L2
IGSF3,NFE2L2
GPR87,NFE2L2
KLK8,NFE2L2
FOXO1,NFE2L2
SOCS3,NFE2L2
PMAIP1,NFE2L2
SFN,NFE2L2
TIPARP,NFE2L2
BMP6,NFE2L2
INHBE,NFE2L2
GADD45G,NFE2L2
MAFB,NFE2L2
BCL3,NFE2L2
BHLHE40,NFE2L2
LRP10,NFE2L2
BTG2,NFE2L2
BTG1,NFE2L2
MAST4,NFE2L2
TNFAIP3,NFE2L2
PTPRK,NFE2L2
SIPA1L2,NFE2L2
PIK3CG,NFE2L2
IFIH1,NFE2L2
FAM102A,NFE2L2
NFKBIZ,NFE2L2
PDE4B,NFE2L2
PDE4A,NFE2L2
EMILIN2,NFE2L2
RALGPS2,NFE2L2
DUSP4,NFE2L2
DUSP5,NFE2L2
SPHK1,NFE2L2
TSC22D3,NFE2L2
PLAUR,NFE2L2
PLA2G4A,NFE2L2
RGMB,NFE2L2
DUSP6,NFE2L2
PTP4A1,NFE2L2
RNF144B,NFE2L2
CDCP1,NFE2L2
IRF1,NFE2L2
PPARG,NFE2L2
NCOA7,NFE2L2
BIRC3,NFE2L2
RBM47,NFE2L2
CEBPD,NFE2L2
PPM1H,NFE2L2
THSD4,NFE2L2
RELB,NFE2L2
APOL6,NFE2L2
GBP1,NFE2L2
GBP3,NFE2L2
CD74,NFE2L2
SEMA4B,NFE2L2
PCDH7,NFE2L2
SAMD4A,NFE2L2
SNX22,NFE2L2
TPD52L1,NFE2L2
VEGFA,NFE2L2
IRS2,NFE2L2
ST3GAL1,NFE2L2
JAG1,NFE2L2
GIPC3,NFE2L2
CD22,NFE2L2
CXCL8,NFE2L2
SYNE1,NFE2L2
HINT3,NFE2L2
DESI2,NFE2L2
RIPK4,NFE2L2
SERPINB9,NFE2L2
SERPINB6,NFE2L2
DDR2,NFE2L2
CEBPB,NFE2L2
PDLIM3,NFE2L2
NQO2,NFE2L2
PGAP1,NFE2L2
BACH1,NFE2L2
HOXA1,NFE2L2
IER5,NFE2L2
TP63,NFE2L2
ZC3H11A,NFE2L2
HECA,NFE2L2
VPS28,NFE2L2
ATF3,NFE2L2
GRB7,NFE2L2
GADD45B,NFE2L2
FAM78A,NFE2L2
NR1D2,NFE2L2
NR1D1,NFE2L2
EIF1,NFE2L2
FOSL2,NFE2L2
RCOR2,NFE2L2
BBC3,NFE2L2
RNF157,NFE2L2
TRIM7,NFE2L2
DUSP1,NFE2L2
NCOA3,NFE2L2
RAPGEF3,NFE2L2
PELI2,NFE2L2
HSD17B7,NFE2L2
ARVCF,NFE2L2
ZSWIM4,NFE2L2
LDLR,NFE2L2
CDKN2D,NFE2L2
GDF15,NFE2L2
MIDN,NFE2L2
ZFP36,NFE2L2
RGS2,NFE2L2
PIM3,NFE2L2
UBALD2,NFE2L2
TICAM1,NFE2L2
MUC3A,NFE2L2
PHOSPHO1,NFE2L2
FUT1,NFE2L2
PHF21B,NFE2L2
IRAK2,NFE2L2
SLC38A2,NFE2L2
MCL1,NFE2L2
NFKB2,NFE2L2
NFKBIA,NFE2L2
NR4A2,NFE2L2
EFNA3,NFE2L2
BCL6,NFE2L2
SIX4,NFE2L2
HMGCS1,NFE2L2
PJA2,NFE2L2
GLRX,NFE2L2
ADD3,NFE2L2
DCAF11,NFE2L2
SASH1,NFE2L2
OXR1,NFE2L2
KLF9,NFE2L2
ALDH8A1,NFE2L2
RASL11B,NFE2L2
PIM2,NFE2L2
IL15RA,NFE2L2
IPMK,NFE2L2
MTHFD2,NFE2L2
TBL1XR1,NFE2L2
TRIB3,NFE2L2
SDCBP,NFE2L2
DSTN,NFE2L2
THAP11,NFE2L2
SMAD7,NFE2L2
NFKBIE,NFE2L2
RGL1,NFE2L2
NRARP,NFE2L2
SPRED1,NFE2L2
TTC33,NFE2L2
IER5L,NFE2L2
ZNF628,NFE2L2
KLF5,NFE2L2
IFITM3,NFE2L2
EHF,NFE2L2
TNC,NFE2L2
AHR,NFE2L2
ALCAM,NFE2L2
NAMPT,NFE2L2
JUNB,NFE2L2
IER3,NFE2L2
FRMD4B,NFE2L2
GRIP2,NFE2L2
S100A6,NFE2L2
DSC2,NFE2L2
CD274,NFE2L2
IGSF3,NFE2L2
GPR87,NFE2L2
KLK8,NFE2L2
FOXO1,NFE2L2
SOCS3,NFE2L2
PMAIP1,NFE2L2
SFN,NFE2L2
TIPARP,NFE2L2
BMP6,NFE2L2
INHBE,NFE2L2
GADD45G,NFE2L2
MAFB,NFE2L2
BCL3,NFE2L2
BHLHE40,NFE2L2
LRP10,NFE2L2
BTG2,NFE2L2
BTG1,NFE2L2
MAST4,NFE2L2
TNFAIP3,NFE2L2
PTPRK,NFE2L2
SIPA1L2,NFE2L2
PIK3CG,NFE2L2
IFIH1,NFE2L2
FAM102A,NFE2L2
NFKBIZ,NFE2L2
PDE4B,NFE2L2
PDE4A,NFE2L2
EMILIN2,NFE2L2
RALGPS2,NFE2L2
DUSP4,NFE2L2
DUSP5,NFE2L2
SPHK1,NFE2L2
TSC22D3,NFE2L2
PLAUR,NFE2L2
PLA2G4A,NFE2L2
RGMB,NFE2L2
DUSP6,NFE2L2
PTP4A1,NFE2L2
RNF144B,NFE2L2
CDCP1,NFE2L2
IRF1,NFE2L2
PPARG,NFE2L2
NCOA7,NFE2L2
BIRC3,NFE2L2
RBM47,NFE2L2
CEBPD,NFE2L2
PPM1H,NFE2L2
THSD4,NFE2L2
RELB,NFE2L2
APOL6,NFE2L2
GBP1,NFE2L2
GBP3,NFE2L2
CD74,NFE2L2
SEMA4B,NFE2L2
PCDH7,NFE2L2
SAMD4A,NFE2L2
SNX22,NFE2L2
TPD52L1,NFE2L2
VEGFA,NFE2L2
IRS2,NFE2L2
ST3GAL1,NFE2L2
JAG1,NFE2L2
GIPC3,NFE2L2
CD22,NFE2L2
CXCL8,NFE2L2
SYNE1,NFE2L2
HINT3,NFE2L2
DESI2,NFE2L2
RIPK4,NFE2L2
SERPINB9,NFE2L2
SERPINB6,NFE2L2
DDR2,NFE2L2
CEBPB,NFE2L2
PDLIM3,NFE2L2
NQO2,NFE2L2
PGAP1,NFE2L2
BACH1,NFE2L2
HOXA1,NFE2L2
IER5,NFE2L2
TP63,NFE2L2
ZC3H11A,NFE2L2
HECA,NFE2L2
VPS28,NFE2L2
ATF3,NFE2L2
GRB7,NFE2L2
GADD45B,NFE2L2
FAM78A,NFE2L2
NR1D2,NFE2L2
NR1D1,NFE2L2
EIF1,NFE2L2
FOSL2,NFE2L2
RCOR2,NFE2L2
BBC3,NFE2L2
RNF157,NFE2L2
TRIM7,NFE2L2
DUSP1,NFE2L2
NCOA3,NFE2L2
RAPGEF3,NFE2L2
PELI2,NFE2L2
HSD17B7,NFE2L2
ARVCF,NFE2L2
ZSWIM4,NFE2L2
LDLR,NFE2L2
CDKN2D,NFE2L2
GDF15,NFE2L2
MIDN,NFE2L2
ZFP36,NFE2L2
RGS2,NFE2L2
PIM3,NFE2L2
UBALD2,NFE2L2
TICAM1,NFE2L2
MUC3A,NFE2L2
PHOSPHO1,NFE2L2
FUT1,NFE2L2
PHF21B,NFE2L2
IRAK2,NFE2L2
SLC38A2,NFE2L2
MCL1,NFE2L2
NFKB2,NFE2L2
NFKBIA,NFE2L2
NR4A2,NFE2L2
EFNA3,NFE2L2
BCL6,NFE2L2
SIX4,NFE2L2
HMGCS1,NFE2L2
PJA2,NFE2L2
GLRX,NFE2L2
ADD3,NFE2L2
DCAF11,NFE2L2
SASH1,NFE2L2
OXR1,NFE2L2
KLF9,NFE2L2
ALDH8A1,NFE2L2
RASL11B,NFE2L2
PIM2,NFE2L2
IL15RA,NFE2L2
IPMK,NFE2L2
MTHFD2,NFE2L2
TBL1XR1,NFE2L2
TRIB3,NFE2L2
SDCBP,NFE2L2
DSTN,NFE2L2
THAP11,NFE2L2
SMAD7,NFE2L2
NFKBIE,NFE2L2
RGL1,NFE2L2
NRARP,NFE2L2
SPRED1,NFE2L2
TTC33,NFE2L2
IER5L,NFE2L2
ZNF628,NFE2L2
KLF5,NFE2L2
CDKN1A,ETS2
NIPAL4,ETS2
IL6R,ETS2
CTSC,ETS2
IGFBP4,ETS2
IL1R1,ETS2
PLSCR1,ETS2
SDC4,ETS2
SLC20A1,ETS2
MST1R,ETS2
EFNB2,ETS2
PDLIM1,ETS2
CREG1,ETS2
MGAT5,ETS2
ATP13A3,ETS2
CA2,ETS2
MFSD2A,ETS2
TGM2,ETS2
IL13RA1,ETS2
IL4R,ETS2
SCAMP1,ETS2
EPHA2,ETS2
B4GALT5,ETS2
HIF1A,ETS2
PRNP,ETS2
TNFRSF10A,ETS2
KRT19,ETS2
SLC2A1,ETS2
NBL1,ETS2
CDKN1A,ETS2
NIPAL4,ETS2
IL6R,ETS2
CTSC,ETS2
IGFBP4,ETS2
IL1R1,ETS2
PLSCR1,ETS2
SDC4,ETS2
SLC20A1,ETS2
MST1R,ETS2
EFNB2,ETS2
PDLIM1,ETS2
CREG1,ETS2
MGAT5,ETS2
ATP13A3,ETS2
CA2,ETS2
MFSD2A,ETS2
TGM2,ETS2
IL13RA1,ETS2
IL4R,ETS2
SCAMP1,ETS2
EPHA2,ETS2
B4GALT5,ETS2
HIF1A,ETS2
PRNP,ETS2
TNFRSF10A,ETS2
KRT19,ETS2
SLC2A1,ETS2
NBL1,ETS2
KLHDC7B,STAT1
SLC16A6,STAT1
SMCO4,STAT1
IL6R,STAT1
S100A2,STAT1
RSAD2,STAT1
TAP1,STAT1
SLC30A1,STAT1
ADAM19,STAT1
IL6ST,STAT1
SDC4,STAT1
SOCS1,STAT1
ZNF703,STAT1
CDKN1A,STAT1
AKR1B1,STAT1
GLIPR2,STAT1
CHAMP1,STAT1
ITGB8,STAT1
CTSC,STAT1
OSMR,STAT1
MMP9,STAT1
PLSCR1,STAT1
ANGPTL6,STAT1
OAS3,STAT1
FAM129A,STAT1
LRRC8C,STAT1
FNIP2,STAT1
E2F7,STAT1
LAMB3,STAT1
FAS,STAT1
GEMIN8P4,STAT1
IL13RA1,STAT1
TGM2,STAT1
IL4R,STAT1
TMX1,STAT1
AK4,STAT1
HIF1A,STAT1
MTDH,STAT1
APH1A,STAT1
HRH1,STAT1
FZD1,STAT1
PRNP,STAT1
IMPAD1,STAT1
SLC7A2,STAT1
RNF145,STAT1
ERCC6L,STAT1
ITPRIP,STAT1
TMPO,STAT1
ENDOG,STAT1
ESCO2,STAT1
MAP7D1,STAT1
CDCA5,STAT1
ORC1,STAT1
PGK1,STAT1
HMOX1,STAT1
S100A11,STAT1
ELL2,STAT1
FEN1,STAT1
SLC2A1,STAT1
MCM10,STAT1
HK2,STAT1
EXO1,STAT1
RFC3,STAT1
H2AFX,STAT1
AEN,STAT1
B3GNT5,STAT1
DTL,STAT1
MCM2,STAT1
ALOXE3,STAT1
RRM2,STAT1
MAD2L1,STAT1
KLHDC7B,STAT1
SLC16A6,STAT1
SMCO4,STAT1
IL6R,STAT1
S100A2,STAT1
RSAD2,STAT1
TAP1,STAT1
SLC30A1,STAT1
ADAM19,STAT1
IL6ST,STAT1
SDC4,STAT1
SOCS1,STAT1
ZNF703,STAT1
CDKN1A,STAT1
AKR1B1,STAT1
GLIPR2,STAT1
CHAMP1,STAT1
ITGB8,STAT1
CTSC,STAT1
OSMR,STAT1
MMP9,STAT1
PLSCR1,STAT1
ANGPTL6,STAT1
OAS3,STAT1
FAM129A,STAT1
LRRC8C,STAT1
FNIP2,STAT1
E2F7,STAT1
LAMB3,STAT1
FAS,STAT1
GEMIN8P4,STAT1
IL13RA1,STAT1
TGM2,STAT1
IL4R,STAT1
TMX1,STAT1
AK4,STAT1
HIF1A,STAT1
MTDH,STAT1
APH1A,STAT1
HRH1,STAT1
FZD1,STAT1
PRNP,STAT1
IMPAD1,STAT1
SLC7A2,STAT1
RNF145,STAT1
ERCC6L,STAT1
ITPRIP,STAT1
TMPO,STAT1
ENDOG,STAT1
ESCO2,STAT1
MAP7D1,STAT1
CDCA5,STAT1
ORC1,STAT1
PGK1,STAT1
HMOX1,STAT1
S100A11,STAT1
ELL2,STAT1
FEN1,STAT1
SLC2A1,STAT1
MCM10,STAT1
HK2,STAT1
EXO1,STAT1
RFC3,STAT1
H2AFX,STAT1
AEN,STAT1
B3GNT5,STAT1
DTL,STAT1
MCM2,STAT1
ALOXE3,STAT1
RRM2,STAT1
MAD2L1,STAT1
NUDT6,GATA3
ACAD11,GATA3
STARD5,GATA3
CRYZL1,GATA3
CGGBP1,GATA3
LLGL2,GATA3
AASDH,GATA3
FAXDC2,GATA3
PLA2G6,GATA3
PLCG1,GATA3
ZBED6,GATA3
MED13L,GATA3
COL1A1,GATA3
RPS27,GATA3
SFXN3,GATA3
GTF2IRD1,GATA3
SETD5,GATA3
STON1,GATA3
KIF12,GATA3
LINC00173,GATA3
PRSS16,GATA3
BTN3A3,GATA3
DDB2,GATA3
KAT2B,GATA3
LINC00963,GATA3
CRELD1,GATA3
PLIN1,GATA3
FAM214A,GATA3
PLEKHA6,GATA3
KBTBD3,GATA3
TJP3,GATA3
ZBTB25,GATA3
PCAT6,GATA3
PHLDB3,GATA3
UBE2H,GATA3
ARHGEF37,GATA3
FBXO36,GATA3
PTPRE,GATA3
DLG4,GATA3
ZNF775,GATA3
BRWD1,GATA3
ZNF410,GATA3
TOB1-AS1,GATA3
CHD2,GATA3
TMEM105,GATA3
EFHD1,GATA3
GAL3ST4,GATA3
WIPI1,GATA3
TRAF5,GATA3
ANG,GATA3
IRF9,GATA3
PLEKHH2,GATA3
SLC25A29,GATA3
RAB24,GATA3
RN7SL541P,GATA3
TNNI3,GATA3
EPOR,GATA3
PDCD4,GATA3
ERCC6,GATA3
NUDT6,GATA3
ACAD11,GATA3
STARD5,GATA3
CRYZL1,GATA3
CGGBP1,GATA3
LLGL2,GATA3
AASDH,GATA3
FAXDC2,GATA3
PLA2G6,GATA3
PLCG1,GATA3
ZBED6,GATA3
MED13L,GATA3
COL1A1,GATA3
RPS27,GATA3
SFXN3,GATA3
GTF2IRD1,GATA3
SETD5,GATA3
STON1,GATA3
KIF12,GATA3
LINC00173,GATA3
PRSS16,GATA3
BTN3A3,GATA3
DDB2,GATA3
KAT2B,GATA3
LINC00963,GATA3
CRELD1,GATA3
PLIN1,GATA3
FAM214A,GATA3
PLEKHA6,GATA3
KBTBD3,GATA3
TJP3,GATA3
ZBTB25,GATA3
PCAT6,GATA3
PHLDB3,GATA3
UBE2H,GATA3
ARHGEF37,GATA3
FBXO36,GATA3
PTPRE,GATA3
DLG4,GATA3
ZNF775,GATA3
BRWD1,GATA3
ZNF410,GATA3
TOB1-AS1,GATA3
CHD2,GATA3
TMEM105,GATA3
EFHD1,GATA3
GAL3ST4,GATA3
WIPI1,GATA3
TRAF5,GATA3
ANG,GATA3
IRF9,GATA3
PLEKHH2,GATA3
SLC25A29,GATA3
RAB24,GATA3
RN7SL541P,GATA3
TNNI3,GATA3
EPOR,GATA3
PDCD4,GATA3
ERCC6,GATA3
ETS2,NFKB1
NIPAL4,NFKB1
SLC39A8,NFKB1
IL1R1,NFKB1
TAP1,NFKB1
IL6ST,NFKB1
SDC4,NFKB1
NXPH4,NFKB1
SOCS1,NFKB1
ARHGAP31,NFKB1
DHRS13,NFKB1
CDKN1A,NFKB1
CXCL3,NFKB1
RPL7A,NFKB1
CTSC,NFKB1
MDFIC,NFKB1
OAS3,NFKB1
PCDH1,NFKB1
FNIP2,NFKB1
FAS,NFKB1
ATP13A3,NFKB1
IL4R,NFKB1
EPHA2,NFKB1
B4GALT5,NFKB1
HIF1A,NFKB1
PRNP,NFKB1
PNP,NFKB1
TMPO,NFKB1
DEXI,NFKB1
VOPP1,NFKB1
CDCA5,NFKB1
PKMYT1,NFKB1
NUAK2,NFKB1
PGK1,NFKB1
HMOX1,NFKB1
VDR,NFKB1
SLC2A1,NFKB1
SLC7A11,NFKB1
RFC3,NFKB1
TPI1,NFKB1
ANXA1,NFKB1
SLC7A5,NFKB1
MCM2,NFKB1
SLC3A2,NFKB1
ALOXE3,NFKB1
GADD45GIP1,NFKB1
ETS2,NFKB1
NIPAL4,NFKB1
SLC39A8,NFKB1
IL1R1,NFKB1
TAP1,NFKB1
IL6ST,NFKB1
SDC4,NFKB1
NXPH4,NFKB1
SOCS1,NFKB1
ARHGAP31,NFKB1
DHRS13,NFKB1
CDKN1A,NFKB1
CXCL3,NFKB1
RPL7A,NFKB1
CTSC,NFKB1
MDFIC,NFKB1
OAS3,NFKB1
PCDH1,NFKB1
FNIP2,NFKB1
FAS,NFKB1
ATP13A3,NFKB1
IL4R,NFKB1
EPHA2,NFKB1
B4GALT5,NFKB1
HIF1A,NFKB1
PRNP,NFKB1
PNP,NFKB1
TMPO,NFKB1
DEXI,NFKB1
VOPP1,NFKB1
CDCA5,NFKB1
PKMYT1,NFKB1
NUAK2,NFKB1
PGK1,NFKB1
HMOX1,NFKB1
VDR,NFKB1
SLC2A1,NFKB1
SLC7A11,NFKB1
RFC3,NFKB1
TPI1,NFKB1
ANXA1,NFKB1
SLC7A5,NFKB1
MCM2,NFKB1
SLC3A2,NFKB1
ALOXE3,NFKB1
GADD45GIP1,NFKB1
SERPINE2,HIF1A
ETS2,HIF1A
IL1R1,HIF1A
IGFBP4,HIF1A
IL6ST,HIF1A
PHLDB2,HIF1A
SDC4,HIF1A
NXPH4,HIF1A
DHRS13,HIF1A
CDKN1A,HIF1A
SLC44A1,HIF1A
PRSS23,HIF1A
TMED7,HIF1A
CTSC,HIF1A
ITGA2,HIF1A
OSMR,HIF1A
BACE2,HIF1A
PLSCR1,HIF1A
VGF,HIF1A
ANGPTL6,HIF1A
ANGPTL4,HIF1A
RAPGEF6,HIF1A
SLC20A1,HIF1A
NT5E,HIF1A
CAMK2N2,HIF1A
MGAT5,HIF1A
FAS,HIF1A
ATP13A3,HIF1A
ANTXR2,HIF1A
CLDN1,HIF1A
CTSL,HIF1A
TGM2,HIF1A
IL13RA1,HIF1A
TUBB2A,HIF1A
TMX1,HIF1A
STEAP1,HIF1A
RAI14,HIF1A
EPHA2,HIF1A
CHSY1,HIF1A
PRNP,HIF1A
KRT19,HIF1A
SNX18,HIF1A
ULBP2,HIF1A
KPNA2,HIF1A
IMP3,HIF1A
KRT8,HIF1A
CDCA4,HIF1A
PKMYT1,HIF1A
RTN4,HIF1A
PGK1,HIF1A
HMOX1,HIF1A
ELL2,HIF1A
ARF4,HIF1A
SLC2A1,HIF1A
SLC7A11,HIF1A
HK2,HIF1A
TUBA1B,HIF1A
ANXA1,HIF1A
SLC7A5,HIF1A
ALOXE3,HIF1A
RRM2,HIF1A
DCBLD1,HIF1A
PTX3,HIF1A
SERPINE2,HIF1A
ETS2,HIF1A
IL1R1,HIF1A
IGFBP4,HIF1A
IL6ST,HIF1A
PHLDB2,HIF1A
SDC4,HIF1A
NXPH4,HIF1A
DHRS13,HIF1A
CDKN1A,HIF1A
SLC44A1,HIF1A
PRSS23,HIF1A
TMED7,HIF1A
CTSC,HIF1A
ITGA2,HIF1A
OSMR,HIF1A
BACE2,HIF1A
PLSCR1,HIF1A
VGF,HIF1A
ANGPTL6,HIF1A
ANGPTL4,HIF1A
RAPGEF6,HIF1A
SLC20A1,HIF1A
NT5E,HIF1A
CAMK2N2,HIF1A
MGAT5,HIF1A
FAS,HIF1A
ATP13A3,HIF1A
ANTXR2,HIF1A
CLDN1,HIF1A
CTSL,HIF1A
TGM2,HIF1A
IL13RA1,HIF1A
TUBB2A,HIF1A
TMX1,HIF1A
STEAP1,HIF1A
RAI14,HIF1A
EPHA2,HIF1A
CHSY1,HIF1A
PRNP,HIF1A
KRT19,HIF1A
SNX18,HIF1A
ULBP2,HIF1A
KPNA2,HIF1A
IMP3,HIF1A
KRT8,HIF1A
CDCA4,HIF1A
PKMYT1,HIF1A
RTN4,HIF1A
PGK1,HIF1A
HMOX1,HIF1A
ELL2,HIF1A
ARF4,HIF1A
SLC2A1,HIF1A
SLC7A11,HIF1A
HK2,HIF1A
TUBA1B,HIF1A
ANXA1,HIF1A
SLC7A5,HIF1A
ALOXE3,HIF1A
RRM2,HIF1A
DCBLD1,HIF1A
PTX3,HIF1A
CSRNP1,ETV3
BTG2,ETV3
BTG1,ETV3
CSF1,ETV3
NCF2,ETV3
TNFAIP3,ETV3
SLC2A3,ETV3
DDX60L,ETV3
AHR,ETV3
ALCAM,ETV3
NAMPT,ETV3
NFKBIZ,ETV3
PDE4B,ETV3
EMILIN2,ETV3
TNS4,ETV3
JUNB,ETV3
IER3,ETV3
DUSP4,ETV3
DUSP5,ETV3
MYLIP,ETV3
DUSP2,ETV3
TSC22D3,ETV3
PLAUR,ETV3
DUSP6,ETV3
ETV6,ETV3
PTP4A1,ETV3
RNF144B,ETV3
IRF1,ETV3
PELI1,ETV3
HBEGF,ETV3
CD274,ETV3
GPR87,ETV3
RELB,ETV3
ATXN1,ETV3
APOL6,ETV3
PMAIP1,ETV3
HIVEP2,ETV3
GBP1,ETV3
GCH1,ETV3
TIPARP,ETV3
WNT7B,ETV3
PARP14,ETV3
GADD45G,ETV3
VEGFA,ETV3
MAFB,ETV3
BCL3,ETV3
BHLHE40,ETV3
BCL2,ETV3
TNFSF9,ETV3
CPEB2,ETV3
CXCL8,ETV3
IRS2,ETV3
NAMPTP1,ETV3
DDR2,ETV3
CEBPB,ETV3
ST3GAL1,ETV3
SKIL,ETV3
JAG1,ETV3
KLF2,ETV3
BACH1,ETV3
ELK4,ETV3
RGS2,ETV3
ZFP36,ETV3
PIM3,ETV3
IER5,ETV3
TP63,ETV3
TICAM1,ETV3
HECA,ETV3
ATF3,ETV3
IRAK2,ETV3
LONRF1,ETV3
SLC38A2,ETV3
EXPH5,ETV3
MCL1,ETV3
GADD45B,ETV3
ZBTB10,ETV3
NFKB2,ETV3
FOSL2,ETV3
NR4A2,ETV3
NFKBIA,ETV3
EFNA3,ETV3
BCL6,ETV3
JARID2,ETV3
NCOA3,ETV3
GAN,ETV3
KDM7A,ETV3
GRAMD1A,ETV3
WDR26,ETV3
LDLR,ETV3
GDF15,ETV3
KLF9,ETV3
METRNL,ETV3
FAM110A,ETV3
IL15RA,ETV3
PPTC7,ETV3
EREG,ETV3
MAPKAPK2,ETV3
SBNO2,ETV3
SMAD7,ETV3
KLF5,ETV3
TRIP12,ETV3
NFKBIE,ETV3
CPEB4,ETV3
CSRNP1,ETV3
BTG2,ETV3
BTG1,ETV3
CSF1,ETV3
NCF2,ETV3
TNFAIP3,ETV3
SLC2A3,ETV3
DDX60L,ETV3
AHR,ETV3
ALCAM,ETV3
NAMPT,ETV3
NFKBIZ,ETV3
PDE4B,ETV3
EMILIN2,ETV3
TNS4,ETV3
JUNB,ETV3
IER3,ETV3
DUSP4,ETV3
DUSP5,ETV3
MYLIP,ETV3
DUSP2,ETV3
TSC22D3,ETV3
PLAUR,ETV3
DUSP6,ETV3
ETV6,ETV3
PTP4A1,ETV3
RNF144B,ETV3
IRF1,ETV3
PELI1,ETV3
HBEGF,ETV3
CD274,ETV3
GPR87,ETV3
RELB,ETV3
ATXN1,ETV3
APOL6,ETV3
PMAIP1,ETV3
HIVEP2,ETV3
GBP1,ETV3
GCH1,ETV3
TIPARP,ETV3
WNT7B,ETV3
PARP14,ETV3
GADD45G,ETV3
VEGFA,ETV3
MAFB,ETV3
BCL3,ETV3
BHLHE40,ETV3
BCL2,ETV3
TNFSF9,ETV3
CPEB2,ETV3
CXCL8,ETV3
IRS2,ETV3
NAMPTP1,ETV3
DDR2,ETV3
CEBPB,ETV3
ST3GAL1,ETV3
SKIL,ETV3
JAG1,ETV3
KLF2,ETV3
BACH1,ETV3
ELK4,ETV3
RGS2,ETV3
ZFP36,ETV3
PIM3,ETV3
IER5,ETV3
TP63,ETV3
TICAM1,ETV3
HECA,ETV3
ATF3,ETV3
IRAK2,ETV3
LONRF1,ETV3
SLC38A2,ETV3
EXPH5,ETV3
MCL1,ETV3
GADD45B,ETV3
ZBTB10,ETV3
NFKB2,ETV3
FOSL2,ETV3
NR4A2,ETV3
NFKBIA,ETV3
EFNA3,ETV3
BCL6,ETV3
JARID2,ETV3
NCOA3,ETV3
GAN,ETV3
KDM7A,ETV3
GRAMD1A,ETV3
WDR26,ETV3
LDLR,ETV3
GDF15,ETV3
KLF9,ETV3
METRNL,ETV3
FAM110A,ETV3
IL15RA,ETV3
PPTC7,ETV3
EREG,ETV3
MAPKAPK2,ETV3
SBNO2,ETV3
SMAD7,ETV3
KLF5,ETV3
TRIP12,ETV3
NFKBIE,ETV3
CPEB4,ETV3
FAM107B,IRF4
JUNB,IRF4
HIST1H2AC,IRF4
IER3,IRF4
F2R,IRF4
GPR160,IRF4
ADRB2,IRF4
DDX60,IRF4
PMAIP1,IRF4
SFN,IRF4
SLC2A3,IRF4
CXCL2,IRF4
IFIH1,IRF4
ITGAX,IRF4
PDE4A,IRF4
PLAUR,IRF4
HLA-DQB1,IRF4
VEGFA,IRF4
IRS2,IRF4
DDR2,IRF4
CEBPB,IRF4
ATF3,IRF4
SEC14L1,IRF4
GADD45B,IRF4
RNF157,IRF4
TRIM7,IRF4
STK17B,IRF4
OTUD4,IRF4
HJURP,IRF4
VASH2,IRF4
UBALD2,IRF4
TICAM1,IRF4
NFKB2,IRF4
NR4A2,IRF4
EFNA3,IRF4
PJA2,IRF4
FAM72B,IRF4
WEE1,IRF4
GEM,IRF4
ANKRD33B,IRF4
FAM107B,IRF4
JUNB,IRF4
HIST1H2AC,IRF4
IER3,IRF4
F2R,IRF4
GPR160,IRF4
ADRB2,IRF4
DDX60,IRF4
PMAIP1,IRF4
SFN,IRF4
SLC2A3,IRF4
CXCL2,IRF4
IFIH1,IRF4
ITGAX,IRF4
PDE4A,IRF4
PLAUR,IRF4
HLA-DQB1,IRF4
VEGFA,IRF4
IRS2,IRF4
DDR2,IRF4
CEBPB,IRF4
ATF3,IRF4
SEC14L1,IRF4
GADD45B,IRF4
RNF157,IRF4
TRIM7,IRF4
STK17B,IRF4
OTUD4,IRF4
HJURP,IRF4
VASH2,IRF4
UBALD2,IRF4
TICAM1,IRF4
NFKB2,IRF4
NR4A2,IRF4
EFNA3,IRF4
PJA2,IRF4
FAM72B,IRF4
WEE1,IRF4
GEM,IRF4
ANKRD33B,IRF4
EHF,BACH1
IFITM1,BACH1
FAM89A,BACH1
DDX60L,BACH1
NAMPT,BACH1
NDST3,BACH1
TNFSF10,BACH1
LRAT,BACH1
JUNB,BACH1
HLA-B,BACH1
HPCAL4,BACH1
OVOL2,BACH1
TIAM1,BACH1
CDS1,BACH1
IQGAP2,BACH1
PDGFD,BACH1
TIPARP,BACH1
ANKEF1,BACH1
LYZ,BACH1
PARP14,BACH1
CYP1A1,BACH1
TNFSF9,BACH1
ACHE,BACH1
CSRNP1,BACH1
BTG2,BACH1
BTG1,BACH1
GLIPR1,BACH1
EPB41L4A,BACH1
DUSP4,BACH1
DUSP5,BACH1
DUSP2,BACH1
SPHK1,BACH1
TSC22D3,BACH1
VWA5A,BACH1
PRSS12,BACH1
DUSP6,BACH1
RNF144B,BACH1
CDCP1,BACH1
MMP17,BACH1
PELI1,BACH1
PPARG,BACH1
HBEGF,BACH1
HLA-DQB1,BACH1
SATB2,BACH1
RELB,BACH1
APOL6,BACH1
TM4SF19,BACH1
GAD1,BACH1
WNT7B,BACH1
SAMD4A,BACH1
DHRS3,BACH1
VEGFA,BACH1
PDP1,BACH1
COL3A1,BACH1
GATM,BACH1
CSF1,BACH1
NCF2,BACH1
PRDM6,BACH1
AHR,BACH1
SLC16A7,BACH1
PRND,BACH1
MAP3K5,BACH1
MSX2,BACH1
EMCN,BACH1
S100A6,BACH1
ROR1,BACH1
SCG2,BACH1
CD274,BACH1
NDRG4,BACH1
RTN1,BACH1
FOXO1,BACH1
SEL1L3,BACH1
SOCS3,BACH1
ATXN1,BACH1
PMAIP1,BACH1
BMP6,BACH1
MAFB,BACH1
ITGA10,BACH1
BHLHE40,BACH1
BCL3,BACH1
BCL2,BACH1
CPE,BACH1
TNFAIP3,BACH1
SLC2A3,BACH1
CXCL2,BACH1
IRF2BPL,BACH1
CASP4,BACH1
NFKBIZ,BACH1
BOC,BACH1
PDE4B,BACH1
ITGAX,BACH1
CASP1,BACH1
PDE4A,BACH1
MMP1,BACH1
PLAUR,BACH1
PLA2G4A,BACH1
PTP4A1,BACH1
ELF3,BACH1
DNAJC6,BACH1
HKDC1,BACH1
IRF1,BACH1
BIRC3,BACH1
PAPPA2,BACH1
CEBPD,BACH1
THBS2,BACH1
ERBB4,BACH1
GBP2,BACH1
IRS2,BACH1
JADE2,BACH1
MTHFD2L,BACH1
PLCXD2,BACH1
SKIL,BACH1
ST3GAL1,BACH1
CXCL8,BACH1
SERPINB9,BACH1
NAMPTP1,BACH1
SERPINB6,BACH1
TLR5,BACH1
DDR2,BACH1
CEBPB,BACH1
NQO2,BACH1
KLF2,BACH1
PGAP1,BACH1
PANK3,BACH1
ACSM3,BACH1
HOXA1,BACH1
IER5,BACH1
ZNF165,BACH1
CCDC80,BACH1
HECA,BACH1
ATF3,BACH1
VPS28,BACH1
TSHZ1,BACH1
SEC14L1,BACH1
GADD45B,BACH1
NR1D2,BACH1
NFATC1,BACH1
NR1D1,BACH1
EIF1,BACH1
FOSL2,BACH1
BBC3,BACH1
RNF157,BACH1
TRIM7,BACH1
SH3BGRL2,BACH1
JARID2,BACH1
WDR26,BACH1
PELI2,BACH1
FGD6,BACH1
GPBP1L1,BACH1
LDLR,BACH1
GDF15,BACH1
SNX16,BACH1
STK17B,BACH1
OTUD4,BACH1
MIDN,BACH1
ZFP36,BACH1
RGS2,BACH1
PIM3,BACH1
RAB2B,BACH1
UBALD2,BACH1
TICAM1,BACH1
ODF3B,BACH1
ZNF678,BACH1
ARHGAP19,BACH1
IRAK2,BACH1
SLC38A2,BACH1
SOCS4,BACH1
MCL1,BACH1
SSH2,BACH1
NFKB2,BACH1
NR4A2,BACH1
NFKBIA,BACH1
EFNA3,BACH1
BCL6,BACH1
KDM5B,BACH1
CHD7,BACH1
EMX1,BACH1
DDX59,BACH1
KLF13,BACH1
HMGCS1,BACH1
SPTB,BACH1
PPM1A,BACH1
KDM7A,BACH1
GLRX,BACH1
ADD3,BACH1
HDAC9,BACH1
ZBTB41,BACH1
PARD6B,BACH1
TIFA,BACH1
MAPK6,BACH1
WEE1,BACH1
KLF9,BACH1
RAB17,BACH1
PLEKHB2,BACH1
TM4SF1,BACH1
RNF128,BACH1
TRIB3,BACH1
WDR62,BACH1
ZNF267,BACH1
OSGIN2,BACH1
THAP11,BACH1
RGL1,BACH1
CPEB4,BACH1
ZCCHC10,BACH1
ELOVL6,BACH1
INCENP,BACH1
TLR6,BACH1
TRIP12,BACH1
FGF2,BACH1
PPP1CB,BACH1
MAP2K1,BACH1
IPMK,BACH1
SAP30,BACH1
TNIK,BACH1
LRRC58,BACH1
INO80C,BACH1
SDCBP,BACH1
SBNO2,BACH1
ZNF668,BACH1
DR1,BACH1
DSTN,BACH1
SMAD7,BACH1
NFKBIE,BACH1
RNF11,BACH1
PLEKHF1,BACH1
NRARP,BACH1
BCL7B,BACH1
HIST1H1C,BACH1
SUN2,BACH1
TTC33,BACH1
CCNA2,BACH1
IER5L,BACH1
ZNF628,BACH1
MACC1,BACH1
MID1IP1,BACH1
EHF,BACH1
IFITM1,BACH1
FAM89A,BACH1
DDX60L,BACH1
NAMPT,BACH1
NDST3,BACH1
TNFSF10,BACH1
LRAT,BACH1
JUNB,BACH1
HLA-B,BACH1
HPCAL4,BACH1
OVOL2,BACH1
TIAM1,BACH1
CDS1,BACH1
IQGAP2,BACH1
PDGFD,BACH1
TIPARP,BACH1
ANKEF1,BACH1
LYZ,BACH1
PARP14,BACH1
CYP1A1,BACH1
TNFSF9,BACH1
ACHE,BACH1
CSRNP1,BACH1
BTG2,BACH1
BTG1,BACH1
GLIPR1,BACH1
EPB41L4A,BACH1
DUSP4,BACH1
DUSP5,BACH1
DUSP2,BACH1
SPHK1,BACH1
TSC22D3,BACH1
VWA5A,BACH1
PRSS12,BACH1
DUSP6,BACH1
RNF144B,BACH1
CDCP1,BACH1
MMP17,BACH1
PELI1,BACH1
PPARG,BACH1
HBEGF,BACH1
HLA-DQB1,BACH1
SATB2,BACH1
RELB,BACH1
APOL6,BACH1
TM4SF19,BACH1
GAD1,BACH1
WNT7B,BACH1
SAMD4A,BACH1
DHRS3,BACH1
VEGFA,BACH1
PDP1,BACH1
COL3A1,BACH1
GATM,BACH1
CSF1,BACH1
NCF2,BACH1
PRDM6,BACH1
AHR,BACH1
SLC16A7,BACH1
PRND,BACH1
MAP3K5,BACH1
MSX2,BACH1
EMCN,BACH1
S100A6,BACH1
ROR1,BACH1
SCG2,BACH1
CD274,BACH1
NDRG4,BACH1
RTN1,BACH1
FOXO1,BACH1
SEL1L3,BACH1
SOCS3,BACH1
ATXN1,BACH1
PMAIP1,BACH1
BMP6,BACH1
MAFB,BACH1
ITGA10,BACH1
BHLHE40,BACH1
BCL3,BACH1
BCL2,BACH1
CPE,BACH1
TNFAIP3,BACH1
SLC2A3,BACH1
CXCL2,BACH1
IRF2BPL,BACH1
CASP4,BACH1
NFKBIZ,BACH1
BOC,BACH1
PDE4B,BACH1
ITGAX,BACH1
CASP1,BACH1
PDE4A,BACH1
MMP1,BACH1
PLAUR,BACH1
PLA2G4A,BACH1
PTP4A1,BACH1
ELF3,BACH1
DNAJC6,BACH1
HKDC1,BACH1
IRF1,BACH1
BIRC3,BACH1
PAPPA2,BACH1
CEBPD,BACH1
THBS2,BACH1
ERBB4,BACH1
GBP2,BACH1
IRS2,BACH1
JADE2,BACH1
MTHFD2L,BACH1
PLCXD2,BACH1
SKIL,BACH1
ST3GAL1,BACH1
CXCL8,BACH1
SERPINB9,BACH1
NAMPTP1,BACH1
SERPINB6,BACH1
TLR5,BACH1
DDR2,BACH1
CEBPB,BACH1
NQO2,BACH1
KLF2,BACH1
PGAP1,BACH1
PANK3,BACH1
ACSM3,BACH1
HOXA1,BACH1
IER5,BACH1
ZNF165,BACH1
CCDC80,BACH1
HECA,BACH1
ATF3,BACH1
VPS28,BACH1
TSHZ1,BACH1
SEC14L1,BACH1
GADD45B,BACH1
NR1D2,BACH1
NFATC1,BACH1
NR1D1,BACH1
EIF1,BACH1
FOSL2,BACH1
BBC3,BACH1
RNF157,BACH1
TRIM7,BACH1
SH3BGRL2,BACH1
JARID2,BACH1
WDR26,BACH1
PELI2,BACH1
FGD6,BACH1
GPBP1L1,BACH1
LDLR,BACH1
GDF15,BACH1
SNX16,BACH1
STK17B,BACH1
OTUD4,BACH1
MIDN,BACH1
ZFP36,BACH1
RGS2,BACH1
PIM3,BACH1
RAB2B,BACH1
UBALD2,BACH1
TICAM1,BACH1
ODF3B,BACH1
ZNF678,BACH1
ARHGAP19,BACH1
IRAK2,BACH1
SLC38A2,BACH1
SOCS4,BACH1
MCL1,BACH1
SSH2,BACH1
NFKB2,BACH1
NR4A2,BACH1
NFKBIA,BACH1
EFNA3,BACH1
BCL6,BACH1
KDM5B,BACH1
CHD7,BACH1
EMX1,BACH1
DDX59,BACH1
KLF13,BACH1
HMGCS1,BACH1
SPTB,BACH1
PPM1A,BACH1
KDM7A,BACH1
GLRX,BACH1
ADD3,BACH1
HDAC9,BACH1
ZBTB41,BACH1
PARD6B,BACH1
TIFA,BACH1
MAPK6,BACH1
WEE1,BACH1
KLF9,BACH1
RAB17,BACH1
PLEKHB2,BACH1
TM4SF1,BACH1
RNF128,BACH1
TRIB3,BACH1
WDR62,BACH1
ZNF267,BACH1
OSGIN2,BACH1
THAP11,BACH1
RGL1,BACH1
CPEB4,BACH1
ZCCHC10,BACH1
ELOVL6,BACH1
INCENP,BACH1
TLR6,BACH1
TRIP12,BACH1
FGF2,BACH1
PPP1CB,BACH1
MAP2K1,BACH1
IPMK,BACH1
SAP30,BACH1
TNIK,BACH1
LRRC58,BACH1
INO80C,BACH1
SDCBP,BACH1
SBNO2,BACH1
ZNF668,BACH1
DR1,BACH1
DSTN,BACH1
SMAD7,BACH1
NFKBIE,BACH1
RNF11,BACH1
PLEKHF1,BACH1
NRARP,BACH1
BCL7B,BACH1
HIST1H1C,BACH1
SUN2,BACH1
TTC33,BACH1
CCNA2,BACH1
IER5L,BACH1
ZNF628,BACH1
MACC1,BACH1
MID1IP1,BACH1
TMEM91,MXI1
DIP2C,MXI1
TSPYL2,MXI1
ZNF284,MXI1
MTURN,MXI1
DDIT3,MXI1
CRYZL1,MXI1
OPTN,MXI1
FAXDC2,MXI1
GATA3,MXI1
PRRT1,MXI1
SFXN3,MXI1
KBTBD3,MXI1
YPEL1,MXI1
YPEL3,MXI1
LRRC70,MXI1
EFEMP2,MXI1
LZTS2,MXI1
CHRNB1,MXI1
UBE2V1,MXI1
PHF21A,MXI1
UAP1L1,MXI1
STAP2,MXI1
ANKZF1,MXI1
MIR616,MXI1
ATG16L2,MXI1
DLG4,MXI1
ZNF775,MXI1
HAPLN3,MXI1
DBP,MXI1
EFHD1,MXI1
LMNTD2,MXI1
PTP4A3,MXI1
ZMIZ1-AS1,MXI1
ZNF630,MXI1
HDAC5,MXI1
TRIM46,MXI1
NIPSNAP3B,MXI1
TBX6,MXI1
PIK3IP1,MXI1
PDCD4,MXI1
TMEM91,MXI1
DIP2C,MXI1
TSPYL2,MXI1
ZNF284,MXI1
MTURN,MXI1
DDIT3,MXI1
CRYZL1,MXI1
OPTN,MXI1
FAXDC2,MXI1
GATA3,MXI1
PRRT1,MXI1
SFXN3,MXI1
KBTBD3,MXI1
YPEL1,MXI1
YPEL3,MXI1
LRRC70,MXI1
EFEMP2,MXI1
LZTS2,MXI1
CHRNB1,MXI1
UBE2V1,MXI1
PHF21A,MXI1
UAP1L1,MXI1
STAP2,MXI1
ANKZF1,MXI1
MIR616,MXI1
ATG16L2,MXI1
DLG4,MXI1
ZNF775,MXI1
HAPLN3,MXI1
DBP,MXI1
EFHD1,MXI1
LMNTD2,MXI1
PTP4A3,MXI1
ZMIZ1-AS1,MXI1
ZNF630,MXI1
HDAC5,MXI1
TRIM46,MXI1
NIPSNAP3B,MXI1
TBX6,MXI1
PIK3IP1,MXI1
PDCD4,MXI1
TENM3,FOXD1
SERPINE2,FOXD1
CHPF,FOXD1
LAMA4,FOXD1
SLC52A2,FOXD1
OSMR,FOXD1
CXCL5,FOXD1
NT5E,FOXD1
KITLG,FOXD1
DLC1,FOXD1
ZNF703,FOXD1
CHAMP1,FOXD1
HIF1A,FOXD1
RASAL2-AS1,FOXD1
STEAP1,FOXD1
ULBP2,FOXD1
RAI14,FOXD1
EPHA2,FOXD1
GXYLT1,FOXD1
DCBLD1,FOXD1
MAP7D1,FOXD1
PTX3,FOXD1
TENM3,FOXD1
SERPINE2,FOXD1
CHPF,FOXD1
LAMA4,FOXD1
SLC52A2,FOXD1
OSMR,FOXD1
CXCL5,FOXD1
NT5E,FOXD1
KITLG,FOXD1
DLC1,FOXD1
ZNF703,FOXD1
CHAMP1,FOXD1
HIF1A,FOXD1
RASAL2-AS1,FOXD1
STEAP1,FOXD1
ULBP2,FOXD1
RAI14,FOXD1
EPHA2,FOXD1
GXYLT1,FOXD1
DCBLD1,FOXD1
MAP7D1,FOXD1
PTX3,FOXD1
PAQR8,MYBL2
IL1R1,MYBL2
IGFBP2,MYBL2
LIFR,MYBL2
CCNE2,MYBL2
HIST1H2BD,MYBL2
ABCG2,MYBL2
SDC4,MYBL2
NXPH4,MYBL2
PCSK1N,MYBL2
ADORA2A-AS1,MYBL2
SLC44A1,MYBL2
AKR1B1,MYBL2
ELOVL2,MYBL2
SF3B4,MYBL2
HIST1H2BK,MYBL2
LRRC8D,MYBL2
PPP1R14A,MYBL2
GMFB,MYBL2
ANKRD1,MYBL2
LBR,MYBL2
SCAMP1,MYBL2
TUBB2A,MYBL2
TMX1,MYBL2
STEAP1,MYBL2
CHSY1,MYBL2
TM4SF18,MYBL2
KRT19,MYBL2
ERCC6L,MYBL2
CCNF,MYBL2
NRM,MYBL2
CDC20,MYBL2
KPNA2,MYBL2
TMPO,MYBL2
EIF1AX,MYBL2
KRT8,MYBL2
CDC25A,MYBL2
EID2,MYBL2
ASF1B,MYBL2
CDCA4,MYBL2
CDCA5,MYBL2
PKMYT1,MYBL2
ORC1,MYBL2
HMOX1,MYBL2
TRAPPC4,MYBL2
PLK1,MYBL2
FEN1,MYBL2
MCM10,MYBL2
MRPL41,MYBL2
TUBA1C,MYBL2
TUBA1B,MYBL2
TPI1,MYBL2
GLRX5,MYBL2
H2AFX,MYBL2
DTL,MYBL2
MCM2,MYBL2
GADD45GIP1,MYBL2
RRM2,MYBL2
SHCBP1,MYBL2
RAD51,MYBL2
PAQR8,MYBL2
IL1R1,MYBL2
IGFBP2,MYBL2
LIFR,MYBL2
CCNE2,MYBL2
HIST1H2BD,MYBL2
ABCG2,MYBL2
SDC4,MYBL2
NXPH4,MYBL2
PCSK1N,MYBL2
ADORA2A-AS1,MYBL2
SLC44A1,MYBL2
AKR1B1,MYBL2
ELOVL2,MYBL2
SF3B4,MYBL2
HIST1H2BK,MYBL2
LRRC8D,MYBL2
PPP1R14A,MYBL2
GMFB,MYBL2
ANKRD1,MYBL2
LBR,MYBL2
SCAMP1,MYBL2
TUBB2A,MYBL2
TMX1,MYBL2
STEAP1,MYBL2
CHSY1,MYBL2
TM4SF18,MYBL2
KRT19,MYBL2
ERCC6L,MYBL2
CCNF,MYBL2
NRM,MYBL2
CDC20,MYBL2
KPNA2,MYBL2
TMPO,MYBL2
EIF1AX,MYBL2
KRT8,MYBL2
CDC25A,MYBL2
EID2,MYBL2
ASF1B,MYBL2
CDCA4,MYBL2
CDCA5,MYBL2
PKMYT1,MYBL2
ORC1,MYBL2
HMOX1,MYBL2
TRAPPC4,MYBL2
PLK1,MYBL2
FEN1,MYBL2
MCM10,MYBL2
MRPL41,MYBL2
TUBA1C,MYBL2
TUBA1B,MYBL2
TPI1,MYBL2
GLRX5,MYBL2
H2AFX,MYBL2
DTL,MYBL2
MCM2,MYBL2
GADD45GIP1,MYBL2
RRM2,MYBL2
SHCBP1,MYBL2
RAD51,MYBL2
SLC46A3,FOXM1
S100A2,FOXM1
IL1R1,FOXM1
IL6ST,FOXM1
SDC4,FOXM1
SLC1A3,FOXM1
RASGRP3,FOXM1
PLXNA1,FOXM1
SLC44A1,FOXM1
PTPRG,FOXM1
DTWD2,FOXM1
ELOVL2,FOXM1
ITGA2,FOXM1
TBC1D9,FOXM1
MDFIC,FOXM1
PDE5A,FOXM1
RAPGEF6,FOXM1
SF3B4,FOXM1
NT5E,FOXM1
MPZL3,FOXM1
FNIP2,FOXM1
LINC00511,FOXM1
GALNT7,FOXM1
SULF2,FOXM1
KBTBD8,FOXM1
LRR1,FOXM1
CLDN1,FOXM1
FAM174A,FOXM1
SCAMP1,FOXM1
EPHA2,FOXM1
APH1A,FOXM1
ITPRIPL1,FOXM1
ISOC1,FOXM1
SNORD12B,FOXM1
CTSL,FOXM1
ANKRD1,FOXM1
LBR,FOXM1
TUBB2A,FOXM1
IMPAD1,FOXM1
PDLIM1,FOXM1
TM4SF18,FOXM1
LAMB3,FOXM1
ERCC6L,FOXM1
CCNF,FOXM1
CDC20,FOXM1
KPNA2,FOXM1
TMPO,FOXM1
KRT8,FOXM1
ESCO2,FOXM1
CDC25A,FOXM1
ASF1B,FOXM1
CDCA2,FOXM1
CDCA4,FOXM1
CDCA5,FOXM1
PKMYT1,FOXM1
NUAK2,FOXM1
ORC1,FOXM1
SDF2L1,FOXM1
DDIAS,FOXM1
PLK1,FOXM1
MOB4,FOXM1
FEN1,FOXM1
SLC2A1,FOXM1
MCM10,FOXM1
SLC7A11,FOXM1
TUBA1C,FOXM1
TUBA1B,FOXM1
EXO1,FOXM1
ITGB8,FOXM1
RFC3,FOXM1
ANXA1,FOXM1
GLRX5,FOXM1
H2AFX,FOXM1
SLC7A5,FOXM1
DTL,FOXM1
MCM2,FOXM1
SLC3A2,FOXM1
HSPA13,FOXM1
GADD45GIP1,FOXM1
RRM2,FOXM1
DOHH,FOXM1
SHCBP1,FOXM1
RAD51,FOXM1
MAD2L1,FOXM1
SLC46A3,FOXM1
S100A2,FOXM1
IL1R1,FOXM1
IL6ST,FOXM1
SDC4,FOXM1
SLC1A3,FOXM1
RASGRP3,FOXM1
PLXNA1,FOXM1
SLC44A1,FOXM1
PTPRG,FOXM1
DTWD2,FOXM1
ELOVL2,FOXM1
ITGA2,FOXM1
TBC1D9,FOXM1
MDFIC,FOXM1
PDE5A,FOXM1
RAPGEF6,FOXM1
SF3B4,FOXM1
NT5E,FOXM1
MPZL3,FOXM1
FNIP2,FOXM1
LINC00511,FOXM1
GALNT7,FOXM1
SULF2,FOXM1
KBTBD8,FOXM1
LRR1,FOXM1
CLDN1,FOXM1
FAM174A,FOXM1
SCAMP1,FOXM1
EPHA2,FOXM1
APH1A,FOXM1
ITPRIPL1,FOXM1
ISOC1,FOXM1
SNORD12B,FOXM1
CTSL,FOXM1
ANKRD1,FOXM1
LBR,FOXM1
TUBB2A,FOXM1
IMPAD1,FOXM1
PDLIM1,FOXM1
TM4SF18,FOXM1
LAMB3,FOXM1
ERCC6L,FOXM1
CCNF,FOXM1
CDC20,FOXM1
KPNA2,FOXM1
TMPO,FOXM1
KRT8,FOXM1
ESCO2,FOXM1
CDC25A,FOXM1
ASF1B,FOXM1
CDCA2,FOXM1
CDCA4,FOXM1
CDCA5,FOXM1
PKMYT1,FOXM1
NUAK2,FOXM1
ORC1,FOXM1
SDF2L1,FOXM1
DDIAS,FOXM1
PLK1,FOXM1
MOB4,FOXM1
FEN1,FOXM1
SLC2A1,FOXM1
MCM10,FOXM1
SLC7A11,FOXM1
TUBA1C,FOXM1
TUBA1B,FOXM1
EXO1,FOXM1
ITGB8,FOXM1
RFC3,FOXM1
ANXA1,FOXM1
GLRX5,FOXM1
H2AFX,FOXM1
SLC7A5,FOXM1
DTL,FOXM1
MCM2,FOXM1
SLC3A2,FOXM1
HSPA13,FOXM1
GADD45GIP1,FOXM1
RRM2,FOXM1
DOHH,FOXM1
SHCBP1,FOXM1
RAD51,FOXM1
MAD2L1,FOXM1
KLHDC7B,E2F1
IL1RAP,E2F1
MANEA,E2F1
SLC16A6,E2F1
PRKACB,E2F1
EML5,E2F1
TMX4,E2F1
CCNE2,E2F1
IL6ST,E2F1
ABCG2,E2F1
SLC22A4,E2F1
SDC4,E2F1
STK39,E2F1
MST1R,E2F1
ANKH,E2F1
RDH10,E2F1
THEM6,E2F1
KIAA0319,E2F1
OSBPL6,E2F1
SLC52A2,E2F1
TMEM117,E2F1
KCNK5,E2F1
DHRS13,E2F1
CDKN1A,E2F1
SLC44A1,E2F1
AKR1B1,E2F1
PRSS23,E2F1
RPL7A,E2F1
CTSC,E2F1
ELOVL7,E2F1
PLSCR1,E2F1
VGF,E2F1
OAS3,E2F1
SLC20A1,E2F1
LAMA3,E2F1
SLC7A2,E2F1
PRRG4,E2F1
HECTD2,E2F1
CAMK2N2,E2F1
LRRC8A,E2F1
E2F7,E2F1
SGPP1,E2F1
PHTF2,E2F1
GMFB,E2F1
LRR1,E2F1
GEMIN8P4,E2F1
IER3IP1,E2F1
TMEM38B,E2F1
IL4R,E2F1
TUBB2A,E2F1
TMX1,E2F1
HIF1A,E2F1
APH1A,E2F1
CHSY1,E2F1
OXCT1,E2F1
ISOC1,E2F1
FZD1,E2F1
PRNP,E2F1
SNX18,E2F1
ULBP2,E2F1
CCNF,E2F1
CDC20,E2F1
PNP,E2F1
AP1S2,E2F1
CHAC2,E2F1
PELO,E2F1
TMPO,E2F1
WLS,E2F1
TANGO6,E2F1
ENDOG,E2F1
IMP3,E2F1
ESCO2,E2F1
CTXN1,E2F1
ASF1B,E2F1
CDCA2,E2F1
CDCA4,E2F1
CDCA5,E2F1
CYB5R2,E2F1
HMOX1,E2F1
S100A11,E2F1
DDIAS,E2F1
PLK1,E2F1
AMMECR1,E2F1
ELL2,E2F1
SDC1,E2F1
FEN1,E2F1
CLTB,E2F1
MRPL41,E2F1
TUBA1C,E2F1
TUBA1B,E2F1
RFK,E2F1
TPI1,E2F1
AEN,E2F1
F3,E2F1
SLC7A5,E2F1
MDFIC,E2F1
B3GNT5,E2F1
MAPRE2,E2F1
HSPA13,E2F1
PPP2CA,E2F1
PDF,E2F1
EXOSC4,E2F1
TMEM64,E2F1
DCBLD1,E2F1
DLC1,E2F1
MAD2L1,E2F1
ERCC6L,E2F1
GXYLT1,E2F1
NRM,E2F1
ETS2,E2F1
KPNA2,E2F1
NUDT15,E2F1
PITX1,E2F1
EIF1AX,E2F1
SLC30A1,E2F1
CDC25A,E2F1
GPD2,E2F1
SLC1A3,E2F1
PKMYT1,E2F1
RTN4,E2F1
SLC9A3R1,E2F1
SOCS1,E2F1
ORC1,E2F1
BAG2,E2F1
PGK1,E2F1
SDF2L1,E2F1
INHBB,E2F1
SLC2A1,E2F1
MCM10,E2F1
ECE2,E2F1
HK2,E2F1
EXO1,E2F1
TIMM17A,E2F1
RFC3,E2F1
H2AFX,E2F1
TBC1D9,E2F1
B4GALT6,E2F1
DTL,E2F1
MCM2,E2F1
SLC3A2,E2F1
PDLIM1,E2F1
DNAJB9,E2F1
ALOXE3,E2F1
GADD45GIP1,E2F1
PPP1R14A,E2F1
RRM2,E2F1
SHCBP1,E2F1
KLHDC7B,E2F1
IL1RAP,E2F1
MANEA,E2F1
SLC16A6,E2F1
PRKACB,E2F1
EML5,E2F1
TMX4,E2F1
CCNE2,E2F1
IL6ST,E2F1
ABCG2,E2F1
SLC22A4,E2F1
SDC4,E2F1
STK39,E2F1
MST1R,E2F1
ANKH,E2F1
RDH10,E2F1
THEM6,E2F1
KIAA0319,E2F1
OSBPL6,E2F1
SLC52A2,E2F1
TMEM117,E2F1
KCNK5,E2F1
DHRS13,E2F1
CDKN1A,E2F1
SLC44A1,E2F1
AKR1B1,E2F1
PRSS23,E2F1
RPL7A,E2F1
CTSC,E2F1
ELOVL7,E2F1
PLSCR1,E2F1
VGF,E2F1
OAS3,E2F1
SLC20A1,E2F1
LAMA3,E2F1
SLC7A2,E2F1
PRRG4,E2F1
HECTD2,E2F1
CAMK2N2,E2F1
LRRC8A,E2F1
E2F7,E2F1
SGPP1,E2F1
PHTF2,E2F1
GMFB,E2F1
LRR1,E2F1
GEMIN8P4,E2F1
IER3IP1,E2F1
TMEM38B,E2F1
IL4R,E2F1
TUBB2A,E2F1
TMX1,E2F1
HIF1A,E2F1
APH1A,E2F1
CHSY1,E2F1
OXCT1,E2F1
ISOC1,E2F1
FZD1,E2F1
PRNP,E2F1
SNX18,E2F1
ULBP2,E2F1
CCNF,E2F1
CDC20,E2F1
PNP,E2F1
AP1S2,E2F1
CHAC2,E2F1
PELO,E2F1
TMPO,E2F1
WLS,E2F1
TANGO6,E2F1
ENDOG,E2F1
IMP3,E2F1
ESCO2,E2F1
CTXN1,E2F1
ASF1B,E2F1
CDCA2,E2F1
CDCA4,E2F1
CDCA5,E2F1
CYB5R2,E2F1
HMOX1,E2F1
S100A11,E2F1
DDIAS,E2F1
PLK1,E2F1
AMMECR1,E2F1
ELL2,E2F1
SDC1,E2F1
FEN1,E2F1
CLTB,E2F1
MRPL41,E2F1
TUBA1C,E2F1
TUBA1B,E2F1
RFK,E2F1
TPI1,E2F1
AEN,E2F1
F3,E2F1
SLC7A5,E2F1
MDFIC,E2F1
B3GNT5,E2F1
MAPRE2,E2F1
HSPA13,E2F1
PPP2CA,E2F1
PDF,E2F1
EXOSC4,E2F1
TMEM64,E2F1
DCBLD1,E2F1
DLC1,E2F1
MAD2L1,E2F1
ERCC6L,E2F1
GXYLT1,E2F1
NRM,E2F1
ETS2,E2F1
KPNA2,E2F1
NUDT15,E2F1
PITX1,E2F1
EIF1AX,E2F1
SLC30A1,E2F1
CDC25A,E2F1
GPD2,E2F1
SLC1A3,E2F1
PKMYT1,E2F1
RTN4,E2F1
SLC9A3R1,E2F1
SOCS1,E2F1
ORC1,E2F1
BAG2,E2F1
PGK1,E2F1
SDF2L1,E2F1
INHBB,E2F1
SLC2A1,E2F1
MCM10,E2F1
ECE2,E2F1
HK2,E2F1
EXO1,E2F1
TIMM17A,E2F1
RFC3,E2F1
H2AFX,E2F1
TBC1D9,E2F1
B4GALT6,E2F1
DTL,E2F1
MCM2,E2F1
SLC3A2,E2F1
PDLIM1,E2F1
DNAJB9,E2F1
ALOXE3,E2F1
GADD45GIP1,E2F1
PPP1R14A,E2F1
RRM2,E2F1
SHCBP1,E2F1
PDE5A,E2F7
ERCC6L,E2F7
MCM10,E2F7
SLC7A11,E2F7
TUBA1C,E2F7
TUBA1B,E2F7
EXO1,E2F7
RFC3,E2F7
H2AFX,E2F7
ESCO2,E2F7
CDC25A,E2F7
SLC7A5,E2F7
MAP7D1,E2F7
ASF1B,E2F7
MCM2,E2F7
CDCA2,E2F7
CDCA4,E2F7
CDCA5,E2F7
PKMYT1,E2F7
NUAK2,E2F7
DDIAS,E2F7
SHCBP1,E2F7
RAD51,E2F7
PDE5A,E2F7
ERCC6L,E2F7
MCM10,E2F7
SLC7A11,E2F7
TUBA1C,E2F7
TUBA1B,E2F7
EXO1,E2F7
RFC3,E2F7
H2AFX,E2F7
ESCO2,E2F7
CDC25A,E2F7
SLC7A5,E2F7
MAP7D1,E2F7
ASF1B,E2F7
MCM2,E2F7
CDCA2,E2F7
CDCA4,E2F7
CDCA5,E2F7
PKMYT1,E2F7
NUAK2,E2F7
DDIAS,E2F7
SHCBP1,E2F7
RAD51,E2F7
